Source,Target,Type,Weight,cooc,npmi,jaccard,surprise,is_new
t:アートマネージメント人材等,t:海外派遣プログラム,Undirected,1.0,17,1.0,1.0,-1.0,False
t:推進本部,t:食文化推進本部,Undirected,1.0,17,1.0,1.0,0.0,False
t:対応要領,t:差別,Undirected,1.0,17,1.0,1.0,0.0,False
t:対応要領,t:解消,Undirected,1.0,17,1.0,1.0,0.0,False
t:差別,t:解消,Undirected,1.0,17,1.0,1.0,0.0,False
t:PPP町作り,t:公民連携最前線,Undirected,1.0,9,1.0,1.0,-1.0,False
t:東京芸術文化創造,t:発信助成,Undirected,1.0,9,1.0,1.0,-1.0,False
t:神山社会教育振興,t:総括官,Undirected,1.0,9,1.0,1.0,-1.0,False
t:サポート助成,t:東京芸術文化鑑賞,Undirected,1.0,8,1.0,1.0,0.0,False
t:修理負担増,t:物価高,Undirected,1.0,8,1.0,1.0,-1.0,False
t:修理負担増,t:返礼品なし,Undirected,1.0,8,1.0,1.0,-1.0,False
t:物価高,t:返礼品なし,Undirected,1.0,8,1.0,1.0,-1.0,False
t:強化基金,t:文化芸術活動基盤,Undirected,1.0,7,1.0,1.0,-1.0,False
t:TRCグループ,t:大阪共立,Undirected,1.0,7,1.0,1.0,-1.0,False
t:TRCグループ,t:大阪府立中央,Undirected,1.0,7,1.0,1.0,-1.0,False
t:大阪共立,t:大阪府立中央,Undirected,1.0,7,1.0,1.0,-1.0,False
t:支援情報,t:日付更新,Undirected,1.0,6,1.0,1.0,-1.0,False
t:録画,t:録音,Undirected,1.0,6,1.0,1.0,-1.0,False
t:繋がり合う,t:集団,Undirected,1.0,6,1.0,1.0,-1.0,False
t:コミケ,t:弁理士,Undirected,1.0,5,1.0,1.0,-1.0,False
t:もりおか歴史文化館,t:テーマ展,Undirected,1.0,5,1.0,1.0,-1.0,False
t:意識啓発プロジェクト,t:若年層向け著作権,Undirected,1.0,4,1.0,1.0,-1.0,False
t:不正利用対策,t:宗教法人格,Undirected,1.0,4,1.0,1.0,0.0,False
t:コンテンツ予算倍増,t:自民,Undirected,1.0,4,1.0,1.0,-1.0,False
t:克彦,t:議決,Undirected,1.0,4,1.0,1.0,-1.0,False
t:亀虎古墳壁画体験,t:亀虎古墳壁画保存,Undirected,1.0,4,1.0,1.0,-1.0,False
t:亀虎古墳壁画体験,t:四神,Undirected,1.0,4,1.0,1.0,-1.0,False
t:亀虎古墳壁画体験,t:管理施設,Undirected,1.0,4,1.0,1.0,-1.0,False
t:亀虎古墳壁画保存,t:四神,Undirected,1.0,4,1.0,1.0,-1.0,False
t:亀虎古墳壁画保存,t:管理施設,Undirected,1.0,4,1.0,1.0,-1.0,False
t:四神,t:管理施設,Undirected,1.0,4,1.0,1.0,-1.0,False
t:所属機関,t:氏名,Undirected,1.0,4,1.0,1.0,-1.0,False
t:無料配布中,t:講演映像,Undirected,1.0,4,1.0,1.0,-1.0,False
t:無料配布中,t:講演資料,Undirected,1.0,4,1.0,1.0,-1.0,False
t:講演映像,t:講演資料,Undirected,1.0,4,1.0,1.0,-1.0,False
t:朱雀,t:青竜,Undirected,1.0,4,1.0,1.0,-1.0,False
t:一部毀損,t:国有,Undirected,1.0,4,1.0,1.0,-1.0,False
t:会津若松,t:発見秘話,Undirected,1.0,4,1.0,1.0,-1.0,False
t:会津若松,t:福島県立博物館学芸員,Undirected,1.0,4,1.0,1.0,-1.0,False
t:会津若松,t:頭突き恐竜化石,Undirected,1.0,4,1.0,1.0,-1.0,False
t:発見秘話,t:福島県立博物館学芸員,Undirected,1.0,4,1.0,1.0,-1.0,False
t:発見秘話,t:頭突き恐竜化石,Undirected,1.0,4,1.0,1.0,-1.0,False
t:福島県立博物館学芸員,t:頭突き恐竜化石,Undirected,1.0,4,1.0,1.0,-1.0,False
t:人気投票,t:宇和島市立伊達博物館,Undirected,1.0,4,1.0,1.0,-1.0,False
t:割り増し,t:改修費,Undirected,1.0,4,1.0,1.0,-1.0,False
t:個人レベル,t:地域レベル,Undirected,1.0,4,1.0,1.0,-1.0,False
t:rmo,t:民生委員,Undirected,1.0,4,1.0,1.0,-1.0,False
t:岩木山神社,t:林檎娘,Undirected,1.0,4,1.0,1.0,-1.0,False
t:御守りカード,t:限定配布,Undirected,1.0,4,1.0,1.0,-1.0,False
t:TRCグループ,t:長谷工,Undirected,0.9791,7,0.9791,0.875,-0.9789,False
t:大阪共立,t:長谷工,Undirected,0.9791,7,0.9791,0.875,-0.9789,False
t:大阪府立中央,t:長谷工,Undirected,0.9791,7,0.9791,0.875,-0.9789,False
t:録画,t:無断,Undirected,0.9765,6,0.9765,0.8571,-0.9762,False
t:録音,t:無断,Undirected,0.9765,6,0.9765,0.8571,-0.9762,False
t:官民共創,t:寄付促進事業,Undirected,0.9765,6,0.9765,0.8571,-0.9762,False
t:寄付促進事業,t:文化財サポーターズ,Undirected,0.9765,6,0.9765,0.8571,-0.9762,False
t:建造物登録,t:記念シンポジウム,Undirected,0.9765,6,0.9765,0.8571,0.0324,False
t:佐渡島,t:金山,Undirected,0.9753,13,0.9753,0.8667,-0.987,False
t:コミケ,t:次創作,Undirected,0.9729,5,0.9729,0.8333,-0.9726,False
t:弁理士,t:次創作,Undirected,0.9729,5,0.9729,0.8333,-0.9726,False
t:パッケージ,t:日本語教育支援総合,Undirected,0.9729,5,0.9729,0.8333,-0.9726,False
t:藤原,t:飛鳥,Undirected,0.9727,131,0.9727,0.9097,0.0001,False
t:対応要領,t:障害,Undirected,0.9705,17,0.9705,0.85,-0.0962,False
t:差別,t:障害,Undirected,0.9705,17,0.9705,0.85,-0.0962,False
t:解消,t:障害,Undirected,0.9705,17,0.9705,0.85,-0.0962,False
t:フランクフルト,t:ブックフェア,Undirected,0.9685,10,0.9685,0.8333,0.9456,True
t:克彦,t:同審議会文化財分科会,Undirected,0.9679,4,0.9679,0.8,-0.9676,False
t:議決,t:同審議会文化財分科会,Undirected,0.9679,4,0.9679,0.8,-0.9676,False
t:バレエ公演,t:年休館,Undirected,0.9679,4,0.9679,0.8,-0.9676,False
t:専門人材育成,t:採択先,Undirected,0.9679,4,0.9679,0.8,-0.9676,False
t:奄美新聞,t:鹿児島県,Undirected,0.9679,4,0.9679,0.8,0.0535,False
t:オリックス,t:登録記念試合,Undirected,0.9679,4,0.9679,0.8,-0.9676,False
t:再始動,t:村野藤吾設計,Undirected,0.9679,4,0.9679,0.8,-0.9676,False
t:妖怪画コレクション,t:幽霊,Undirected,0.9674,9,0.9674,0.8182,-0.9669,False
t:仏像,t:委託先,Undirected,0.9674,9,0.9674,0.8182,-0.9669,False
t:認定審査,t:鋸山,Undirected,0.9674,9,0.9674,0.8182,-0.9669,False
t:不服審査,t:違法,Undirected,0.9657,9,0.9657,0.8182,-0.9653,False
t:修理負担増,t:文化財支援,Undirected,0.9644,8,0.9644,0.8,-0.9639,False
t:物価高,t:文化財支援,Undirected,0.9644,8,0.9644,0.8,-0.9639,False
t:返礼品なし,t:文化財支援,Undirected,0.9644,8,0.9644,0.8,-0.9639,False
t:原爆ドーム,t:厳島神社,Undirected,0.9644,8,0.9644,0.8,-0.9639,False
t:井上あずみさん,t:大使,Undirected,0.9561,6,0.9561,0.75,-0.9762,False
t:対応要領,t:相談窓口,Undirected,0.9532,17,0.9532,0.7727,0.0543,False
t:差別,t:相談窓口,Undirected,0.9532,17,0.9532,0.7727,0.0543,False
t:解消,t:相談窓口,Undirected,0.9532,17,0.9532,0.7727,0.0543,False
t:官民共創,t:文化財サポーターズ,Undirected,0.953,6,0.953,0.75,-0.9524,False
t:保持者,t:認定等,Undirected,0.953,6,0.953,0.75,-0.9762,False
t:仏像,t:割れる,Undirected,0.9479,11,0.9479,0.7333,-0.9471,False
t:Eメール,t:mext,Undirected,0.9479,11,0.9479,0.7333,-0.0096,False
t:建造物登録,t:登録文化財制度,Undirected,0.9459,5,0.9459,0.7143,0.0803,False
t:依頼,t:救援,Undirected,0.9459,5,0.9459,0.7143,-0.9452,False
t:不服審査,t:政治的理由,Undirected,0.9443,7,0.9443,0.7,-0.9436,False
t:違法,t:政治的理由,Undirected,0.9443,7,0.9443,0.7,-0.9436,False
t:繋がり合う,t:自律的,Undirected,0.9418,4,0.9418,0.6667,-0.9411,False
t:集団,t:自律的,Undirected,0.9418,4,0.9418,0.6667,-0.9411,False
t:井上あずみさん,t:交付式,Undirected,0.9418,4,0.9418,0.6667,-0.9411,False
t:サントリー文化財団,t:研究助成,Undirected,0.9418,4,0.9418,0.6667,-0.9411,False
t:規制,t:輸入音楽CD,Undirected,0.9418,4,0.9418,0.6667,-0.9676,False
t:地域社会,t:省察,Undirected,0.9418,4,0.9418,0.6667,-0.9411,False
t:省察,t:往還,Undirected,0.9418,4,0.9418,0.6667,-0.9411,False
t:学び合い,t:自律的,Undirected,0.9418,4,0.9418,0.6667,-0.9411,False
t:人たち,t:職員さん,Undirected,0.9418,4,0.9418,0.6667,-0.9411,False
t:役割分担,t:養成機関,Undirected,0.9418,4,0.9418,0.6667,-0.9411,False
t:井上あずみさん,t:石川県,Undirected,0.9381,6,0.9381,0.6667,-0.9374,False
t:出現,t:東京駅,Undirected,0.9359,4,0.9359,0.6667,-0.9351,False
t:nnn,t:日掲載,Undirected,0.9356,12,0.9356,0.7059,-0.9862,False
t:コミケ,t:行方,Undirected,0.9302,5,0.9302,0.625,-0.9294,False
t:弁理士,t:行方,Undirected,0.9302,5,0.9302,0.625,-0.9294,False
t:出現,t:石舞台古墳,Undirected,0.9302,5,0.9302,0.625,-0.9294,False
t:東京駅,t:石舞台古墳,Undirected,0.9302,5,0.9302,0.625,-0.9294,False
t:モクチャウ,t:週間,Undirected,0.929,14,0.929,0.6667,-0.9457,False
t:会議資料,t:会議開催,Undirected,0.9282,9,0.9282,0.6429,-0.9272,False
t:障害,t:相談窓口,Undirected,0.9238,17,0.9238,0.68,-0.0419,False
t:記念シンポジウム,t:登録文化財制度,Undirected,0.923,5,0.923,0.625,0.1114,False
t:docomomo,t:ムーブメント,Undirected,0.923,5,0.923,0.625,-0.922,False
t:反発,t:台湾館,Undirected,0.9221,6,0.9221,0.6,-0.9211,False
t:不正利用対策,t:フォーム,Undirected,0.9206,3,0.9206,0.6,1.0,True
t:宗教法人格,t:フォーム,Undirected,0.9206,3,0.9206,0.6,1.0,True
t:コンテンツ予算倍増,t:文化省,Undirected,0.9206,3,0.9206,0.6,-0.9197,False
t:自民,t:文化省,Undirected,0.9206,3,0.9206,0.6,-0.9197,False
t:専門人材育成,t:コンテンツ制作,Undirected,0.9206,3,0.9206,0.6,-0.9197,False
t:カテゴリー,t:長期助成,Undirected,0.9206,3,0.9206,0.6,-0.9197,False
t:コンソーシアム,t:回会議,Undirected,0.9206,3,0.9206,0.6,-0.9197,False
t:保育園,t:収蔵庫不足,Undirected,0.9206,3,0.9206,0.6,-0.9197,False
t:保育園,t:直面,Undirected,0.9206,3,0.9206,0.6,-0.9197,False
t:保育園,t:裏側,Undirected,0.9206,3,0.9206,0.6,-0.9197,False
t:保育園,t:除籍,Undirected,0.9206,3,0.9206,0.6,-0.9197,False
t:収蔵庫不足,t:直面,Undirected,0.9206,3,0.9206,0.6,-0.9197,False
t:収蔵庫不足,t:裏側,Undirected,0.9206,3,0.9206,0.6,-0.9197,False
t:収蔵庫不足,t:除籍,Undirected,0.9206,3,0.9206,0.6,-0.9197,False
t:直面,t:裏側,Undirected,0.9206,3,0.9206,0.6,-0.9197,False
t:直面,t:除籍,Undirected,0.9206,3,0.9206,0.6,-0.9197,False
t:裏側,t:除籍,Undirected,0.9206,3,0.9206,0.6,-0.9197,False
t:佐賀,t:唐津,Undirected,0.9206,3,0.9206,0.6,-0.9197,False
t:外壁,t:膨らむ,Undirected,0.9206,3,0.9206,0.6,-0.9197,False
t:会津若松,t:トーク,Undirected,0.9196,4,0.9196,0.5714,-0.9411,False
t:発見秘話,t:トーク,Undirected,0.9196,4,0.9196,0.5714,-0.9411,False
t:福島県立博物館学芸員,t:トーク,Undirected,0.9196,4,0.9196,0.5714,-0.9411,False
t:頭突き恐竜化石,t:トーク,Undirected,0.9196,4,0.9196,0.5714,-0.9411,False
t:割り増し,t:周南市文化会館,Undirected,0.9196,4,0.9196,0.5714,-0.9186,False
t:改修費,t:周南市文化会館,Undirected,0.9196,4,0.9196,0.5714,-0.9186,False
t:村野藤吾設計,t:記念イベント,Undirected,0.9196,4,0.9196,0.5714,-0.9186,False
t:自律的,t:継続的,Undirected,0.9196,4,0.9196,0.5714,-0.9186,False
t:BGM,t:配分,Undirected,0.9196,4,0.9196,0.5714,-0.9186,False
t:保存活用,t:古墳壁画,Undirected,0.9196,4,0.9196,0.5714,-0.9186,False
t:カインホア,t:デー,Undirected,0.9196,4,0.9196,0.5714,-0.9411,False
t:中段,t:振り返る,Undirected,0.9196,4,0.9196,0.5714,-0.9186,False
t:付け,t:名乗る,Undirected,0.9196,4,0.9196,0.5714,-0.9186,False
t:共生社会,t:秩序,Undirected,0.9172,11,0.9172,0.6111,-0.9471,False
t:委託先,t:割れる,Undirected,0.9169,9,0.9169,0.6,-0.9158,False
t:鋸山,t:千葉,Undirected,0.9165,8,0.9165,0.6154,-0.9154,False
t:鋸山,t:結論,Undirected,0.9165,8,0.9165,0.6154,-0.9154,False
t:グループ,t:ワーキング,Undirected,0.9146,26,0.9146,0.6667,-0.9132,False
t:タイアップ,t:ルックバック,Undirected,0.9146,6,0.9146,0.6,-0.9135,False
t:妖怪画コレクション,t:福岡市博物館収蔵,Undirected,0.9128,5,0.9128,0.5556,-0.9117,False
t:会議開催,t:ホームページ内,Undirected,0.9128,5,0.9128,0.5556,-0.9117,False
t:藤原,t:宮都,Undirected,0.9125,95,0.9125,0.7197,0.03,False
t:文化財支援,t:ふるさと納税,Undirected,0.9122,10,0.9122,0.5882,-0.9212,False
t:受付期間,t:留意,Undirected,0.911,9,0.911,0.6,0.0975,False
t:ムーブメント,t:選定記念,Undirected,0.9097,4,0.9097,0.5714,-0.9086,False
t:歌手ら,t:還元,Undirected,0.9097,4,0.9097,0.5714,-0.9086,False
t:危険,t:進行中,Undirected,0.9097,4,0.9097,0.5714,-0.9086,False
t:メディア芸術クリエーター育成,t:採択企画,Undirected,0.9097,4,0.9097,0.5714,-0.9086,False
t:対応要領,t:理由,Undirected,0.9095,17,0.9095,0.6071,0.1031,False
t:差別,t:理由,Undirected,0.9095,17,0.9095,0.6071,0.1031,False
t:解消,t:理由,Undirected,0.9095,17,0.9095,0.6071,0.1031,False
t:BGM使用料,t:歌手,Undirected,0.9091,16,0.9091,0.6154,-0.9077,False
t:録画,t:撮影,Undirected,0.9075,6,0.9075,0.5455,-0.9064,False
t:録音,t:撮影,Undirected,0.9075,6,0.9075,0.5455,-0.9064,False
t:Eメール,t:kokugo,Undirected,0.9075,6,0.9075,0.5455,-0.1185,False
t:参事官,t:芸術文化担当,Undirected,0.9033,7,0.9033,0.5385,-0.9147,False
t:次創作,t:行方,Undirected,0.9032,5,0.9032,0.5556,-0.902,False
policy:bunka_shigen,t:記念物課,Undirected,0.9028,10,0.9028,0.5556,-0.9014,False
t:所属機関,t:メールアドレス,Undirected,0.9004,4,0.9004,0.5,-0.9186,False
t:氏名,t:メールアドレス,Undirected,0.9004,4,0.9004,0.5,-0.9186,False
t:大使,t:交付式,Undirected,0.9004,4,0.9004,0.5,-0.9186,False
t:博物館指針策定,t:収蔵資料,Undirected,0.9004,4,0.9004,0.5,-0.8992,False
t:強化基金,t:クリエーター支援基金,Undirected,0.9001,5,0.9001,0.5556,-0.8989,False
t:文化芸術活動基盤,t:クリエーター支援基金,Undirected,0.9001,5,0.9001,0.5556,-0.8989,False
t:付け,t:立てる,Undirected,0.8986,6,0.8986,0.5455,-0.8973,False
t:大名統治,t:象徴,Undirected,0.8949,7,0.8949,0.5385,-0.8936,False
t:アートマネージメント人材等,t:公募開始,Undirected,0.8945,15,0.8945,0.5769,-0.8929,False
t:海外派遣プログラム,t:公募開始,Undirected,0.8945,15,0.8945,0.5769,-0.8929,False
t:録画,t:遠慮,Undirected,0.8943,6,0.8943,0.5,-0.8929,False
t:録音,t:遠慮,Undirected,0.8943,6,0.8943,0.5,-0.8929,False
t:大使,t:石川県,Undirected,0.8943,6,0.8943,0.5455,-0.9135,False
t:メディア芸術クリエーター育成,t:支援事業,Undirected,0.8943,6,0.8943,0.5,-0.9211,False
t:大名統治,t:江戸時代,Undirected,0.8943,6,0.8943,0.5455,-0.8929,False
t:遠慮,t:無断転載,Undirected,0.8943,6,0.8943,0.5,-0.8929,False
t:広げる,t:裾野,Undirected,0.8933,18,0.8933,0.5806,-0.8917,False
t:割れる,t:修理中,Undirected,0.8928,12,0.8928,0.5714,-0.8912,False
t:TRCグループ,t:主催,Undirected,0.8917,7,0.8917,0.5,-0.9285,False
t:大阪共立,t:主催,Undirected,0.8917,7,0.8917,0.5,-0.9285,False
t:大阪府立中央,t:主催,Undirected,0.8917,7,0.8917,0.5,-0.9285,False
t:専門人材育成,t:確保等,Undirected,0.8898,3,0.8898,0.5,-0.8886,False
t:採択先,t:コンテンツ制作,Undirected,0.8898,3,0.8898,0.5,-0.8886,False
t:コンテンツ制作,t:確保等,Undirected,0.8898,3,0.8898,0.5,-0.8886,False
t:保育園,t:試み,Undirected,0.8898,3,0.8898,0.5,-0.9197,False
t:収蔵庫不足,t:試み,Undirected,0.8898,3,0.8898,0.5,-0.9197,False
t:直面,t:試み,Undirected,0.8898,3,0.8898,0.5,-0.9197,False
t:裏側,t:試み,Undirected,0.8898,3,0.8898,0.5,-0.9197,False
t:除籍,t:試み,Undirected,0.8898,3,0.8898,0.5,-0.9197,False
t:外壁,t:見送り,Undirected,0.8898,3,0.8898,0.5,-0.8886,False
t:膨らむ,t:見送り,Undirected,0.8898,3,0.8898,0.5,-0.8886,False
t:古墳壁画,t:検討会,Undirected,0.8898,3,0.8898,0.5,-0.8886,False
t:還元,t:楽曲使用料,Undirected,0.8898,3,0.8898,0.5,-0.8886,False
t:クラブ,t:同時発表,Undirected,0.8898,3,0.8898,0.5,-0.8886,False
t:内定,t:開催地,Undirected,0.8898,3,0.8898,0.5,-0.8886,False
t:修理現場,t:文化財建造物,Undirected,0.8898,3,0.8898,0.5,-0.8886,False
t:琵琶湖博物館,t:生態,Undirected,0.8898,3,0.8898,0.5,-0.9599,False
t:生態,t:考察,Undirected,0.8898,3,0.8898,0.5,-0.8886,False
t:山形,t:幻想的,Undirected,0.8898,3,0.8898,0.5,-0.8886,False
t:岩見沢,t:市町,Undirected,0.8898,3,0.8898,0.5,-0.8886,False
t:教育委員会,t:首長部局,Undirected,0.8894,8,0.8894,0.5,-0.8879,False
t:飛鳥,t:宮都,Undirected,0.8876,95,0.8876,0.6552,0.0293,False
t:再始動,t:記念イベント,Undirected,0.8875,4,0.8875,0.5,-0.8862,False
t:保持者,t:選定保存技術,Undirected,0.8875,4,0.8875,0.5,-0.8862,False
t:docomomo,t:選定記念,Undirected,0.8875,4,0.8875,0.5,-0.8862,False
t:再審査,t:認定取り消し,Undirected,0.8875,4,0.8875,0.5,-0.8862,False
t:委託先,t:修理中,Undirected,0.8873,9,0.8873,0.5,-0.8858,False
t:仏像,t:修理中,Undirected,0.887,10,0.887,0.5263,-0.8854,False
t:認定審査,t:千葉,Undirected,0.8845,8,0.8845,0.5333,-0.883,False
t:認定審査,t:結論,Undirected,0.8845,8,0.8845,0.5333,-0.883,False
t:無断,t:撮影,Undirected,0.884,6,0.884,0.5,-0.8825,False
t:東京芸術文化創造,t:長期助成,Undirected,0.8835,4,0.8835,0.4444,-0.8821,False
t:発信助成,t:長期助成,Undirected,0.8835,4,0.8835,0.4444,-0.8821,False
t:繋がり合う,t:学び合い,Undirected,0.8835,4,0.8835,0.5,-0.8821,False
t:集団,t:学び合い,Undirected,0.8835,4,0.8835,0.5,-0.8821,False
t:克彦,t:文部科学大臣,Undirected,0.8835,4,0.8835,0.4444,-0.8821,False
t:議決,t:文部科学大臣,Undirected,0.8835,4,0.8835,0.4444,-0.8821,False
t:無料配布中,t:YouTube,Undirected,0.8835,4,0.8835,0.4444,-0.8821,False
t:講演映像,t:YouTube,Undirected,0.8835,4,0.8835,0.4444,-0.8821,False
t:講演資料,t:YouTube,Undirected,0.8835,4,0.8835,0.4444,-0.8821,False
t:一部毀損,t:木造阿弥陀如来座像,Undirected,0.8835,4,0.8835,0.4444,-0.8821,False
t:国有,t:木造阿弥陀如来座像,Undirected,0.8835,4,0.8835,0.4444,-0.8821,False
t:妖怪画コレクション,t:福岡市博物館,Undirected,0.8835,4,0.8835,0.4444,-0.8821,False
t:交付式,t:石川県,Undirected,0.8835,4,0.8835,0.4444,-0.8821,False
t:地域社会,t:往還,Undirected,0.8835,4,0.8835,0.5,-0.8821,False
t:BGM,t:使用料,Undirected,0.8835,4,0.8835,0.4444,-0.8821,False
t:日本語教育支援総合,t:秩序,Undirected,0.883,5,0.883,0.4545,-0.8815,False
t:幽霊,t:福岡市博物館収蔵,Undirected,0.883,5,0.883,0.4545,-0.8815,False
t:支援情報,t:沖縄,Undirected,0.8821,6,0.8821,0.4615,-0.8806,False
t:日付更新,t:沖縄,Undirected,0.8821,6,0.8821,0.4615,-0.8806,False
t:繋がり合う,t:協働,Undirected,0.8821,6,0.8821,0.4615,-0.8806,False
t:集団,t:協働,Undirected,0.8821,6,0.8821,0.4615,-0.8806,False
t:往還,t:実践,Undirected,0.8821,6,0.8821,0.4615,-0.8929,False
t:明治安田クオリティオブライフ文化,t:財団,Undirected,0.8821,6,0.8821,0.4615,-0.9064,False
t:docomomo,t:ジャパン,Undirected,0.8809,7,0.8809,0.4667,-0.9147,False
t:売買,t:宗教法人,Undirected,0.8809,7,0.8809,0.4667,-0.8794,False
t:障害,t:理由,Undirected,0.88,17,0.88,0.5484,0.0069,False
t:対応要領,t:職員,Undirected,0.8797,17,0.8797,0.5152,0.0684,False
t:差別,t:職員,Undirected,0.8797,17,0.8797,0.5152,0.0684,False
t:解消,t:職員,Undirected,0.8797,17,0.8797,0.5152,0.0684,False
t:修理負担増,t:ふるさと納税,Undirected,0.8797,8,0.8797,0.4706,-0.8879,False
t:物価高,t:ふるさと納税,Undirected,0.8797,8,0.8797,0.4706,-0.8879,False
t:返礼品なし,t:ふるさと納税,Undirected,0.8797,8,0.8797,0.4706,-0.8879,False
t:改正案,t:閣議決定,Undirected,0.8795,14,0.8795,0.5185,-0.8777,False
t:ビエンナーレ,t:ベネチア,Undirected,0.8738,9,0.8738,0.5,-0.8827,False
t:長谷工,t:主催,Undirected,0.8709,7,0.8709,0.4667,-0.9073,False
t:無断,t:遠慮,Undirected,0.8707,6,0.8707,0.4615,-0.8691,False
t:募る,t:寄付,Undirected,0.8707,6,0.8707,0.4286,-0.8929,False
t:コミケ,t:ポイント,Undirected,0.8701,5,0.8701,0.4167,-0.8685,False
t:弁理士,t:ポイント,Undirected,0.8701,5,0.8701,0.4167,-0.8685,False
t:分科会長,t:牧野,Undirected,0.8701,5,0.8701,0.4167,-0.8685,False
t:もりおか歴史文化館,t:文化財修理,Undirected,0.8684,4,0.8684,0.4444,-0.8668,False
t:テーマ展,t:文化財修理,Undirected,0.8684,4,0.8684,0.4444,-0.8668,False
t:克彦,t:審議,Undirected,0.8684,4,0.8684,0.4,-0.8668,False
t:議決,t:審議,Undirected,0.8684,4,0.8684,0.4,-0.8668,False
t:バレエ公演,t:殿堂,Undirected,0.8684,4,0.8684,0.4,-0.8668,False
t:村野藤吾設計,t:宇部市文化会館,Undirected,0.8684,4,0.8684,0.4,-0.8668,False
t:名乗る,t:立てる,Undirected,0.8684,4,0.8684,0.4,-0.8668,False
t:対面,t:重視,Undirected,0.8684,4,0.8684,0.4,-0.8668,False
t:外壁,t:事業費,Undirected,0.8647,3,0.8647,0.4286,-0.8631,False
t:膨らむ,t:事業費,Undirected,0.8647,3,0.8647,0.4286,-0.8631,False
t:歌手ら,t:楽曲使用料,Undirected,0.8647,3,0.8647,0.4286,-0.8631,False
t:開催地,t:大分県,Undirected,0.8647,3,0.8647,0.4286,-0.8631,False
t:生態,t:監督,Undirected,0.8647,3,0.8647,0.4286,-0.8631,False
t:岩見沢,t:炭鉄港,Undirected,0.8647,3,0.8647,0.4286,-0.8631,False
t:回全国高等学校総合文化祭,t:校東京公演,Undirected,0.8647,3,0.8647,0.4286,-0.8631,False
t:カインホア省,t:クアンチ省,Undirected,0.8647,3,0.8647,0.4286,-0.9197,False
t:作業,t:破損,Undirected,0.8647,3,0.8647,0.4286,-0.8631,False
t:石見銀山,t:石見銀山発見,Undirected,0.8647,3,0.8647,0.4286,0.2516,False
t:宮島,t:検定,Undirected,0.8647,3,0.8647,0.4286,-0.8631,False
t:横断幕,t:祝う,Undirected,0.8647,3,0.8647,0.4286,-0.9033,False
t:connect,t:ふれる,Undirected,0.8647,3,0.8647,0.4286,0.8528,True
t:Travis Japan,t:運動会,Undirected,0.864,7,0.864,0.4667,0.8699,True
t:配分,t:使用料,Undirected,0.8628,5,0.8628,0.4545,-0.8611,False
t:日本語教育課,t:総合教育政策局,Undirected,0.8628,5,0.8628,0.4545,-0.2485,False
t:相談窓口,t:理由,Undirected,0.8627,17,0.8627,0.5152,0.1573,False
t:繋がり合う,t:継続的,Undirected,0.8614,4,0.8614,0.4444,-0.8597,False
t:集団,t:継続的,Undirected,0.8614,4,0.8614,0.4444,-0.8597,False
t:学び合い,t:継続的,Undirected,0.8614,4,0.8614,0.4444,-0.8597,False
t:候補地域,t:審査結果,Undirected,0.8605,5,0.8605,0.4545,-0.8588,False
t:mext,t:kokugo,Undirected,0.8602,6,0.8602,0.4,-0.1202,False
t:採択先,t:確保等,Undirected,0.8591,3,0.8591,0.4286,-0.8574,False
t:琵琶湖博物館,t:考察,Undirected,0.8591,3,0.8591,0.4286,-0.9287,False
t:箇所,t:非公開文化財,Undirected,0.8591,3,0.8591,0.4286,-0.8574,False
t:国立教育政策研究所社会教育実践,t:調査官,Undirected,0.8591,3,0.8591,0.4286,1.0,True
t:パッケージ,t:秩序,Undirected,0.8559,5,0.8559,0.4167,-0.8541,False
policy:bunka_kanko_suishinho,t:拠点計画,Undirected,0.8552,14,0.8552,0.4667,-0.8531,False
t:幽霊,t:福岡市博物館,Undirected,0.8547,4,0.8547,0.3636,-0.8529,False
t:省察,t:繋がり,Undirected,0.8547,4,0.8547,0.3636,-0.8668,False
t:養成機関,t:市町村,Undirected,0.8547,4,0.8547,0.3636,-0.8529,False
t:繋がり,t:重なる,Undirected,0.8547,4,0.8547,0.3636,-0.8668,False
t:政治的理由,t:交付,Undirected,0.8525,7,0.8525,0.3889,-0.8505,False
t:もりおか歴史文化館,t:取り組む,Undirected,0.8514,4,0.8514,0.4,-0.8497,False
t:テーマ展,t:取り組む,Undirected,0.8514,4,0.8514,0.4,-0.8497,False
t:同審議会文化財分科会,t:文部科学大臣,Undirected,0.8514,4,0.8514,0.4,-0.8497,False
t:障害,t:職員,Undirected,0.8502,17,0.8502,0.4722,-0.0278,False
t:会議資料,t:ホームページ内,Undirected,0.8472,5,0.8472,0.3571,-0.8453,False
t:不正利用対策,t:受託,Undirected,0.8434,3,0.8434,0.375,1.0,True
t:宗教法人格,t:受託,Undirected,0.8434,3,0.8434,0.375,1.0,True
t:外壁,t:周南市文化会館,Undirected,0.8434,3,0.8434,0.375,-0.8416,False
t:外壁,t:大規模改修,Undirected,0.8434,3,0.8434,0.375,-0.8416,False
t:膨らむ,t:周南市文化会館,Undirected,0.8434,3,0.8434,0.375,-0.8416,False
t:膨らむ,t:大規模改修,Undirected,0.8434,3,0.8434,0.375,-0.8416,False
t:フォーム,t:受託,Undirected,0.8434,3,0.8434,0.375,1.0,True
t:政令,t:適用,Undirected,0.8434,3,0.8434,0.375,-0.8886,False
t:適用,policy:bunkazai_hogoho,Undirected,0.8434,3,0.8434,0.375,-0.8886,False
t:次創作,t:ポイント,Undirected,0.843,5,0.843,0.3846,-0.8411,False
t:中段,t:実習,Undirected,0.8422,4,0.8422,0.3333,-0.8403,False
t:年休館,t:殿堂,Undirected,0.8363,4,0.8363,0.3636,-0.8344,False
t:同審議会文化財分科会,t:審議,Undirected,0.8363,4,0.8363,0.3636,-0.8344,False
t:再始動,t:宇部市文化会館,Undirected,0.8363,4,0.8363,0.3636,-0.8344,False
t:基準,t:望ましい,Undirected,0.8363,4,0.8363,0.3636,-0.8668,False
t:不服審査,t:交付,Undirected,0.835,8,0.835,0.4,-0.8328,False
t:依頼,t:文化財等,Undirected,0.8339,3,0.8339,0.375,-0.832,False
t:救援,t:文化財等,Undirected,0.8339,3,0.8339,0.375,-0.832,False
t:内定,t:大分県,Undirected,0.8339,3,0.8339,0.375,-0.832,False
t:琵琶湖博物館,t:監督,Undirected,0.8339,3,0.8339,0.375,-0.9033,False
t:考察,t:監督,Undirected,0.8339,3,0.8339,0.375,-0.832,False
t:見送り,t:事業費,Undirected,0.8339,3,0.8339,0.375,-0.832,False
t:市町,t:炭鉄港,Undirected,0.8339,3,0.8339,0.375,-0.832,False
t:connect,t:京都新聞,Undirected,0.8339,3,0.8339,0.375,0.7917,True
t:公財,t:芸術研究助成財団,Undirected,0.8339,3,0.8339,0.375,-0.832,False
t:相談窓口,t:職員,Undirected,0.8329,17,0.8329,0.4474,0.1226,False
t:拠点計画,t:地域計画,Undirected,0.8327,12,0.8327,0.4286,-0.8303,False
t:ムーブメント,t:建築,Undirected,0.8324,6,0.8324,0.3333,-0.8303,False
t:修理中,t:破損,Undirected,0.8324,6,0.8324,0.3333,-0.8303,False
t:牧野,t:部会長,Undirected,0.8324,6,0.8324,0.4,-0.8303,False
t:千葉,t:結論,Undirected,0.8316,7,0.8316,0.4118,-0.8294,False
t:岩木山神社,t:コラボ,Undirected,0.8307,4,0.8307,0.3077,-0.8286,False
t:林檎娘,t:コラボ,Undirected,0.8307,4,0.8307,0.3077,-0.8286,False
t:専門人材育成,t:中核,Undirected,0.8307,4,0.8307,0.3077,-0.8403,False
t:省察,t:実践,Undirected,0.8307,4,0.8307,0.3077,-0.8403,False
t:自律的,t:促進,Undirected,0.8307,4,0.8307,0.3077,-0.8529,False
t:自律的,t:協働,Undirected,0.8307,4,0.8307,0.3077,-0.8286,False
t:職員さん,t:社会教育施設,Undirected,0.8307,4,0.8307,0.3077,-0.8286,False
t:コンテンツ制作,t:中核,Undirected,0.8307,4,0.8307,0.3077,-0.8403,False
t:参事官,t:文化拠点担当,Undirected,0.8307,4,0.8307,0.3077,-0.8403,False
t:実践,t:重なる,Undirected,0.8307,4,0.8307,0.3077,-0.8403,False
t:収蔵資料,t:存続,Undirected,0.8269,6,0.8269,0.375,-0.8247,False
t:一般行政,t:定義,Undirected,0.8253,4,0.8253,0.3636,-0.8232,False
t:中之島,t:大阪,Undirected,0.825,3,0.825,0.3333,-0.823,False
t:同時,t:床磨き,Undirected,0.825,3,0.825,0.3333,-0.8416,False
t:ブース,t:ロンドン,Undirected,0.825,3,0.825,0.3333,0.8528,True
t:支援情報,policy:arts_council,Undirected,0.8242,6,0.8242,0.3158,-0.8219,False
t:日付更新,policy:arts_council,Undirected,0.8242,6,0.8242,0.3158,-0.8219,False
t:備える,t:災害,Undirected,0.8226,4,0.8226,0.3333,-0.8205,False
t:バレエ公演,t:オペラ,Undirected,0.82,4,0.82,0.2857,-0.8179,False
t:nnn,t:日テレニュース,Undirected,0.82,4,0.82,0.2857,0.2046,False
t:博物館指針策定,t:存続,Undirected,0.82,4,0.82,0.2857,-0.8179,False
policy:shiseki_meisho,t:指定等,Undirected,0.82,4,0.82,0.3636,-0.8179,False
t:ウェブ会議併用,t:会議室,Undirected,0.82,4,0.82,0.2857,-0.8179,False
t:広域,t:重要性,Undirected,0.82,4,0.82,0.3636,-0.8179,False
t:崩す,t:社会教育主事講習,Undirected,0.82,4,0.82,0.2857,-0.8179,False
t:沖縄,policy:arts_council,Undirected,0.8187,9,0.8187,0.3913,-0.8162,False
t:アートマネージメント人材等,t:派遣参加者,Undirected,0.8184,5,0.8184,0.2941,-0.8161,False
t:海外派遣プログラム,t:派遣参加者,Undirected,0.8184,5,0.8184,0.2941,-0.8161,False
t:BGM使用料,t:分配,Undirected,0.8184,5,0.8184,0.2941,-0.8161,False
t:厳島神社,t:広島,Undirected,0.8163,6,0.8163,0.3529,-0.814,False
t:台湾館,t:韓国,Undirected,0.8163,6,0.8163,0.3,-0.8219,False
org:nich,t:熊本県,Undirected,0.8163,6,0.8163,0.375,-0.814,False
t:ブックフェア,t:ロンドン,Undirected,0.8132,5,0.8132,0.3571,0.7688,True
t:ルックバック,t:映画,Undirected,0.8132,7,0.8132,0.35,-0.8294,False
t:強化基金,t:年度補正予算事業,Undirected,0.8126,3,0.8126,0.3333,-0.8105,False
t:強化基金,t:採択先,Undirected,0.8126,3,0.8126,0.3333,-0.8105,False
t:文化芸術活動基盤,t:年度補正予算事業,Undirected,0.8126,3,0.8126,0.3333,-0.8105,False
t:文化芸術活動基盤,t:採択先,Undirected,0.8126,3,0.8126,0.3333,-0.8105,False
t:採択先,t:クリエーター支援基金,Undirected,0.8126,3,0.8126,0.3333,-0.8105,False
t:認定等,t:選定保存技術,Undirected,0.8126,3,0.8126,0.3333,-0.832,False
t:docomomo,t:一般社団法人,Undirected,0.8126,3,0.8126,0.3333,-0.8105,False
t:保存活用,t:検討会,Undirected,0.8126,3,0.8126,0.3333,-0.8105,False
t:周南市文化会館,t:見送り,Undirected,0.8126,3,0.8126,0.3333,-0.8105,False
t:クリエーター支援基金,t:年度補正予算事業,Undirected,0.8126,3,0.8126,0.3333,-0.8105,False
t:見送り,t:大規模改修,Undirected,0.8126,3,0.8126,0.3333,-0.8105,False
t:売買,t:アンケート,Undirected,0.8126,3,0.8126,0.3333,-0.8105,False
t:国立教育政策研究所社会教育実践,t:任期付職員,Undirected,0.8126,3,0.8126,0.3333,0.8201,True
t:調査官,t:任期付職員,Undirected,0.8126,3,0.8126,0.3333,0.8201,True
t:備える,t:はじめ,Undirected,0.8126,3,0.8126,0.3333,-0.832,False
t:報道関係者,t:模様,Undirected,0.8126,3,0.8126,0.3333,-0.8105,False
t:不自由展,t:表現,Undirected,0.8118,10,0.8118,0.3571,-0.8092,False
t:殿堂,facility:tokyo_bunka_kaikan,Undirected,0.8104,8,0.8104,0.3478,-0.8079,False
t:自律的,t:仕組み,Undirected,0.8101,4,0.8101,0.2667,-0.8078,False
t:唐津,t:市民会館,Undirected,0.8101,4,0.8101,0.2667,-0.8179,False
t:BGM,t:閣議決定,Undirected,0.8101,4,0.8101,0.2667,-0.8078,False
t:採択企画,t:支援事業,Undirected,0.8101,4,0.8101,0.3077,-0.8344,False
t:宗教法人,t:不正利用,Undirected,0.8101,4,0.8101,0.2667,-0.8078,False
t:文化財等,org:nich,Undirected,0.8101,4,0.8101,0.3077,-0.8078,False
t:中期目標,t:閉館,Undirected,0.8101,4,0.8101,0.3333,-0.8078,False
t:整える,t:環境,Undirected,0.8101,4,0.8101,0.3077,-0.8078,False
t:日本語教育支援総合,t:共生社会,Undirected,0.8099,5,0.8099,0.2778,-0.8349,False
t:ムーブメント,t:ジャパン,Undirected,0.8099,5,0.8099,0.3125,-0.8411,False
t:東京芸術文化創造,t:カテゴリー,Undirected,0.8087,3,0.8087,0.3,-0.8066,False
t:発信助成,t:カテゴリー,Undirected,0.8087,3,0.8087,0.3,-0.8066,False
t:木造阿弥陀如来座像,t:作業,Undirected,0.8087,3,0.8087,0.3,-0.8066,False
policy:bunka_kanko_suishinho,t:地域計画,Undirected,0.806,15,0.806,0.4054,-0.8031,False
t:秩序,t:日本語教育,Undirected,0.8018,6,0.8018,0.3529,-0.8619,False
t:撮影,t:遠慮,Undirected,0.8018,6,0.8018,0.3529,-0.7993,False
t:配分,t:歌手,Undirected,0.8011,7,0.8011,0.28,-0.7985,False
t:職員さん,t:皆さん,Undirected,0.8008,4,0.8008,0.25,-0.7985,False
t:行方,t:ポイント,Undirected,0.8003,5,0.8003,0.3333,-0.7978,False
t:拠点計画,t:報道,Undirected,0.8002,7,0.8002,0.35,-0.8294,False
t:採択先,t:中核,Undirected,0.7986,4,0.7986,0.2857,-0.8078,False
t:オペラ,t:バレエ,Undirected,0.7972,5,0.7972,0.3125,-0.7947,False
t:違法,t:交付,Undirected,0.7967,7,0.7967,0.3333,-0.7941,False
t:地域社会,t:繋がり,Undirected,0.7964,4,0.7964,0.3077,-0.8078,False
t:往還,t:繋がり,Undirected,0.7964,4,0.7964,0.3077,-0.8078,False
t:人たち,t:拡充,Undirected,0.7964,4,0.7964,0.3077,-0.794,False
t:役割分担,t:市町村,Undirected,0.7964,4,0.7964,0.3077,-0.794,False
t:候補地域,t:継続審査,Undirected,0.7942,3,0.7942,0.3,-0.7919,False
t:審査結果,t:継続審査,Undirected,0.7942,3,0.7942,0.3,-0.7919,False
t:模様,t:ライブ,Undirected,0.7942,3,0.7942,0.3,-0.7919,False
t:継続審査,t:総括評価,Undirected,0.7942,3,0.7942,0.3,-0.7919,False
t:BGM使用料,t:権利創設,Undirected,0.7921,4,0.7921,0.2353,-0.7896,False
t:崩す,t:単位,Undirected,0.7921,4,0.7921,0.2353,-0.7896,False
t:実践,t:繋がり,Undirected,0.7896,6,0.7896,0.3333,-0.814,False
t:市町村,t:都道府県,Undirected,0.7896,6,0.7896,0.3333,-0.7869,False
t:理由,t:職員,Undirected,0.7892,17,0.7892,0.3864,0.1714,False
t:政治的理由,t:補助金,Undirected,0.7891,7,0.7891,0.2593,-0.7923,False
t:年休館,t:オペラ,Undirected,0.788,4,0.788,0.2667,-0.7854,False
t:記念イベント,t:宇部市文化会館,Undirected,0.788,4,0.788,0.3077,-0.7854,False
t:任期付職員,t:採用,Undirected,0.788,4,0.788,0.3077,0.7167,True
t:周南市文化会館,t:事業費,Undirected,0.7875,3,0.7875,0.3,-0.785,False
t:事業費,t:大規模改修,Undirected,0.7875,3,0.7875,0.3,-0.785,False
t:名勝,t:松浜軒,Undirected,0.7875,3,0.7875,0.3,-0.785,False
t:県立博物館,t:講師,Undirected,0.7875,3,0.7875,0.3,-0.785,False
t:年休館,facility:tokyo_bunka_kaikan,Undirected,0.787,5,0.787,0.2381,-0.7844,False
t:配分,t:閣議決定,Undirected,0.787,5,0.787,0.2941,-0.7844,False
t:派遣参加者,org:arts_council_tokyo,Undirected,0.787,5,0.787,0.2381,-0.7917,False
t:件目,t:県内,Undirected,0.787,5,0.787,0.2941,-0.7947,False
policy:bunka_kanko_suishinho,org:kanko_cho,Undirected,0.7863,12,0.7863,0.3529,-0.7833,False
t:改正案,policy:chosakukenho,Undirected,0.7862,23,0.7862,0.3538,-0.7828,False
org:unesco,policy:mukei_bunka_isan,Undirected,0.7843,31,0.7843,0.4133,0.1233,False
t:御守りカード,t:修理,Undirected,0.7839,4,0.7839,0.2222,-0.7896,False
t:限定配布,t:修理,Undirected,0.7839,4,0.7839,0.2222,-0.7896,False
t:依頼,org:nich,Undirected,0.7839,4,0.7839,0.2857,-0.7813,False
t:救援,org:nich,Undirected,0.7839,4,0.7839,0.2857,-0.7813,False
t:役割分担,t:社会教育人材,Undirected,0.7839,4,0.7839,0.2857,-0.7813,False
t:YouTube,t:ライブ,Undirected,0.7839,4,0.7839,0.3077,-0.7813,False
t:文化財修理,t:取り組む,Undirected,0.7839,4,0.7839,0.3077,-0.7813,False
t:保存会,t:明治安田文化財団,Undirected,0.7839,4,0.7839,0.3077,-0.7813,False
t:パッケージ,t:共生社会,Undirected,0.7828,5,0.7828,0.2632,-0.8075,False
t:象徴,t:江戸時代,Undirected,0.7828,5,0.7828,0.3125,-0.7801,False
t:原爆ドーム,t:広島,Undirected,0.7823,6,0.7823,0.3158,-0.7795,False
t:報道,org:kanko_cho,Undirected,0.7818,7,0.7818,0.3182,-0.8108,False
t:コンテンツ予算倍増,t:創設,Undirected,0.7811,3,0.7811,0.25,-0.7786,False
t:自民,t:創設,Undirected,0.7811,3,0.7811,0.25,-0.7786,False
t:フランクフルト,t:トークイベント等,Undirected,0.7811,3,0.7811,0.25,0.663,True
t:ブックフェア,t:トークイベント等,Undirected,0.7811,3,0.7811,0.25,0.663,True
t:ブックフェア,t:ブース,Undirected,0.7811,3,0.7811,0.25,0.7241,True
t:文化省,t:創設,Undirected,0.7811,3,0.7811,0.25,-0.7786,False
t:政令,t:措置,Undirected,0.7811,3,0.7811,0.25,-0.7786,False
t:政令,t:災害,Undirected,0.7811,3,0.7811,0.25,-0.7786,False
t:収蔵資料,t:廃棄,Undirected,0.7803,7,0.7803,0.2692,-0.7774,False
t:選定記念,t:ジャパン,Undirected,0.7781,4,0.7781,0.25,-0.8078,False
t:扱う,t:繋がる,Undirected,0.7781,4,0.7781,0.25,-0.7754,False
t:YouTube,t:模様,Undirected,0.778,3,0.778,0.2727,-0.7754,False
t:台湾館,t:中国,Undirected,0.7763,6,0.7763,0.2308,-0.8303,False
t:自律的,t:学び,Undirected,0.7762,4,0.7762,0.2105,-0.7735,False
t:サポート助成,t:対象事業決定,Undirected,0.7725,6,0.7725,0.2727,0.2511,False
t:東京芸術文化鑑賞,t:対象事業決定,Undirected,0.7725,6,0.7725,0.2727,0.2511,False
t:繋がり合う,t:促進,Undirected,0.7724,4,0.7724,0.2667,-0.794,False
t:集団,t:促進,Undirected,0.7724,4,0.7724,0.2667,-0.794,False
t:地域社会,t:実践,Undirected,0.7724,4,0.7724,0.2667,-0.7813,False
t:学び合い,t:促進,Undirected,0.7724,4,0.7724,0.2667,-0.794,False
t:学び合い,t:協働,Undirected,0.7724,4,0.7724,0.2667,-0.7697,False
t:人たち,t:社会教育施設,Undirected,0.7724,4,0.7724,0.2667,-0.7697,False
t:募る,t:熊本地震,Undirected,0.7724,4,0.7724,0.2667,-0.7697,False
t:松浜軒,t:熊本地震,Undirected,0.7724,4,0.7724,0.2667,-0.7697,False
t:不服審査,t:補助金,Undirected,0.7703,8,0.7703,0.2759,-0.7734,False
t:意識啓発プロジェクト,t:展開,Undirected,0.7688,4,0.7688,0.2,-0.7896,False
t:若年層向け著作権,t:展開,Undirected,0.7688,4,0.7688,0.2,-0.7896,False
t:rmo,t:受講,Undirected,0.7688,4,0.7688,0.2,-0.766,False
t:民生委員,t:受講,Undirected,0.7688,4,0.7688,0.2,-0.766,False
t:裾野,t:方策,Undirected,0.7688,4,0.7688,0.2,-0.766,False
t:受講,t:受講要件,Undirected,0.7688,4,0.7688,0.2,-0.766,False
t:単位数,t:科目,Undirected,0.7688,4,0.7688,0.2857,-0.766,False
t:地域コミュニティー,t:基盤,Undirected,0.7678,6,0.7678,0.3,-0.7755,False
t:コミケ,t:解説,Undirected,0.7672,5,0.7672,0.2083,-0.7643,False
t:弁理士,t:解説,Undirected,0.7672,5,0.7672,0.2083,-0.7643,False
t:公募開始,t:派遣参加者,Undirected,0.7672,5,0.7672,0.2083,-0.7643,False
t:交付,t:補助金,Undirected,0.7663,11,0.7663,0.3235,-0.7694,False
policy:chosakukenho,t:改正,Undirected,0.7663,38,0.7663,0.4043,-0.7622,False
t:周南市文化会館,t:大規模改修,Undirected,0.7662,3,0.7662,0.2727,-0.7635,False
t:明治安田文化財団,t:助成金,Undirected,0.7651,8,0.7651,0.25,-0.762,False
t:PDF,t:通知,Undirected,0.7642,10,0.7642,0.3125,-0.7609,False
t:国立教育政策研究所社会教育実践,t:採用,Undirected,0.7634,3,0.7634,0.25,0.7917,True
t:調査官,t:採用,Undirected,0.7634,3,0.7634,0.25,0.7917,True
t:バレエ公演,facility:tokyo_bunka_kaikan,Undirected,0.7618,4,0.7618,0.1905,-0.7589,False
t:振り返る,t:実習,Undirected,0.7618,4,0.7618,0.2667,-0.7589,False
t:社会教育主事講習,t:社会教育講習,Undirected,0.7618,4,0.7618,0.25,-0.7589,False
t:大名統治,t:推薦,Undirected,0.76,8,0.76,0.2222,-0.7614,False
t:docomomo,t:建築,Undirected,0.7599,5,0.7599,0.25,-0.757,False
t:タイアップ,t:映画,Undirected,0.7599,5,0.7599,0.25,-0.7747,False
t:生態,t:コラボ,Undirected,0.758,3,0.758,0.2143,-0.7552,False
t:幻想的,t:開幕,Undirected,0.758,3,0.758,0.2143,-0.7919,False
t:国内,t:情報誌,Undirected,0.758,3,0.758,0.2143,-0.7954,False
t:コンテンツ予算倍増,t:提言,Undirected,0.7551,4,0.7551,0.1818,-0.7589,False
t:自民,t:提言,Undirected,0.7551,4,0.7551,0.1818,-0.7589,False
t:フランクフルト,t:ロンドン,Undirected,0.7551,4,0.7551,0.2667,0.6795,True
t:市町村,t:広域,Undirected,0.7551,4,0.7551,0.2667,-0.7522,False
t:木造阿弥陀如来座像,t:破損,Undirected,0.7528,3,0.7528,0.25,-0.75,False
t:中期目標,t:明記,Undirected,0.7528,3,0.7528,0.25,-0.75,False
t:PDF,t:事務連絡,Undirected,0.7528,6,0.7528,0.2222,-0.7497,False
t:繋がり合う,t:仕組み,Undirected,0.7519,4,0.7519,0.2353,-0.7489,False
t:集団,t:仕組み,Undirected,0.7519,4,0.7519,0.2353,-0.7489,False
t:学び合い,t:仕組み,Undirected,0.7519,4,0.7519,0.2353,-0.7489,False
t:選定記念,t:建築,Undirected,0.7519,4,0.7519,0.2105,-0.7489,False
t:文部科学大臣,t:審議,Undirected,0.7519,4,0.7519,0.2667,-0.7489,False
t:宮島,t:広島,Undirected,0.7519,4,0.7519,0.2353,-0.7489,False
t:一般行政,t:人々,Undirected,0.7519,4,0.7519,0.2353,-0.7697,False
t:割れる,policy:juyo_bunkazai,Undirected,0.7514,14,0.7514,0.2545,-0.7579,False
t:記念物課,t:政策,Undirected,0.7512,10,0.7512,0.2222,-0.7515,False
t:継続的,t:促進,Undirected,0.7503,4,0.7503,0.25,-0.7716,False
t:継続的,t:協働,Undirected,0.7503,4,0.7503,0.25,-0.7473,False
t:分野,t:教育機関,Undirected,0.7503,4,0.7503,0.25,-0.087,False
t:クリエーター支援,t:要求,Undirected,0.7503,3,0.7503,0.2308,-0.7607,False
t:克彦,t:経る,Undirected,0.7487,4,0.7487,0.1739,-0.7457,False
t:議決,t:経る,Undirected,0.7487,4,0.7487,0.1739,-0.7457,False
t:村野藤吾設計,t:経る,Undirected,0.7487,4,0.7487,0.1739,-0.7457,False
t:保育園,t:危機,Undirected,0.7478,3,0.7478,0.2,-0.7449,False
t:保育園,t:存続,Undirected,0.7478,3,0.7478,0.2,-0.7449,False
t:収蔵庫不足,t:危機,Undirected,0.7478,3,0.7478,0.2,-0.7449,False
t:収蔵庫不足,t:存続,Undirected,0.7478,3,0.7478,0.2,-0.7449,False
t:直面,t:危機,Undirected,0.7478,3,0.7478,0.2,-0.7449,False
t:直面,t:存続,Undirected,0.7478,3,0.7478,0.2,-0.7449,False
t:裏側,t:危機,Undirected,0.7478,3,0.7478,0.2,-0.7449,False
t:裏側,t:存続,Undirected,0.7478,3,0.7478,0.2,-0.7449,False
t:除籍,t:危機,Undirected,0.7478,3,0.7478,0.2,-0.7449,False
t:除籍,t:存続,Undirected,0.7478,3,0.7478,0.2,-0.7449,False
t:報道関係者,t:ライブ,Undirected,0.7478,3,0.7478,0.25,-0.7449,False
t:件目,t:宮城,Undirected,0.7478,3,0.7478,0.25,-0.7449,False
t:人たち,t:皆さん,Undirected,0.7426,4,0.7426,0.2222,-0.7395,False
t:修理中,policy:juyo_bunkazai,Undirected,0.7405,15,0.7405,0.2632,-0.747,False
t:次創作,t:解説,Undirected,0.7401,5,0.7401,0.2,-0.7369,False
t:反発,t:韓国,Undirected,0.7384,6,0.7384,0.25,-0.743,False
t:不正利用対策,t:業務,Undirected,0.7383,3,0.7383,0.1875,0.7241,True
t:宗教法人格,t:業務,Undirected,0.7383,3,0.7383,0.1875,0.7241,True
t:救援,t:熊本県,Undirected,0.7383,3,0.7383,0.2308,-0.7353,False
t:佐賀,t:市民会館,Undirected,0.7383,3,0.7383,0.1875,-0.7449,False
t:フォーム,t:業務,Undirected,0.7383,3,0.7383,0.1875,0.7241,True
t:楽曲使用料,t:閣議決定,Undirected,0.7383,3,0.7383,0.1875,-0.7353,False
t:検定,t:広島,Undirected,0.7383,3,0.7383,0.1875,-0.7353,False
t:芸術研究助成財団,t:文化財保護,Undirected,0.7383,3,0.7383,0.2143,-0.7607,False
t:中期目標,t:想定,Undirected,0.7383,3,0.7383,0.2308,-0.7353,False
t:持つ,t:称号,Undirected,0.7372,12,0.7372,0.2927,-0.7335,False
t:BGM,t:歌手,Undirected,0.7367,4,0.7367,0.16,-0.7336,False
t:歌手,t:権利創設,Undirected,0.7367,4,0.7367,0.16,-0.7336,False
t:博物館指針策定,t:廃棄,Undirected,0.7367,4,0.7367,0.16,-0.7336,False
t:受講,t:地域活動,Undirected,0.7367,4,0.7367,0.1905,-0.7336,False
t:方々,t:経験,Undirected,0.7367,4,0.7367,0.16,-0.7336,False
t:復旧,t:被災,Undirected,0.7345,8,0.7345,0.2581,-0.7502,False
t:違法,t:補助金,Undirected,0.7334,7,0.7334,0.2333,-0.7359,False
t:仏像,policy:juyo_bunkazai,Undirected,0.7326,11,0.7326,0.2037,-0.7385,False
t:社会教育施設,t:皆さん,Undirected,0.7324,6,0.7324,0.2609,-0.729,False
t:YouTube,t:報道関係者,Undirected,0.7315,3,0.7315,0.2308,-0.7285,False
t:BGM,t:改正案,Undirected,0.7311,4,0.7311,0.1538,-0.7279,False
t:広域,t:都道府県,Undirected,0.7311,4,0.7311,0.2353,-0.7279,False
t:ライブ,t:配信,Undirected,0.7311,4,0.7311,0.2353,-0.766,False
t:継続的,t:仕組み,Undirected,0.7297,4,0.7297,0.2222,-0.7265,False
t:福岡市博物館収蔵,t:特別展,Undirected,0.7297,4,0.7297,0.1818,-0.741,False
t:厳島神社,t:切っ掛け,Undirected,0.7294,3,0.7294,0.2308,-0.7263,False
t:候補地域,t:総括評価,Undirected,0.7294,3,0.7294,0.2308,-0.7263,False
t:審査結果,t:総括評価,Undirected,0.7294,3,0.7294,0.2308,-0.7263,False
policy:bunkazai_hogoho,t:通知,Undirected,0.7294,3,0.7294,0.1765,-0.7263,False
t:地域計画,org:kanko_cho,Undirected,0.7278,9,0.7278,0.2727,-0.7241,False
t:確保等,t:中核,Undirected,0.7272,3,0.7272,0.2,-0.7353,False
t:琵琶湖博物館,t:コラボ,Undirected,0.7272,3,0.7272,0.2,-0.7954,False
t:考察,t:コラボ,Undirected,0.7272,3,0.7272,0.2,-0.7241,False
t:山形,t:開幕,Undirected,0.7272,3,0.7272,0.2,-0.7607,False
t:備える,t:熊本地震,Undirected,0.7272,3,0.7272,0.2,-0.7241,False
t:模様,t:配信,Undirected,0.7272,3,0.7272,0.2,-0.7607,False
t:アンケート,t:事例,Undirected,0.7272,3,0.7272,0.2,-0.7241,False
t:クリエーター支援,t:アニメ,Undirected,0.7272,3,0.7272,0.2,-0.7353,False
t:共生社会,t:日本語教育,Undirected,0.7267,6,0.7267,0.25,-0.814,False
t:人たち,t:専門性,Undirected,0.7257,4,0.7257,0.2,-0.7224,False
t:中期目標,t:国立,Undirected,0.7251,3,0.7251,0.2143,-0.722,False
t:同審議会文化財分科会,t:答申,Undirected,0.7245,5,0.7245,0.1562,-0.7211,False
t:拠点計画,org:kanko_cho,Undirected,0.7233,7,0.7233,0.2593,-0.7197,False
t:単位数,t:引き続く,Undirected,0.723,4,0.723,0.2353,-0.7197,False
t:保持者,t:答申,Undirected,0.7211,6,0.7211,0.1818,-0.7176,False
t:認定等,t:答申,Undirected,0.7211,6,0.7211,0.1818,-0.7414,False
t:オペラ,facility:tokyo_bunka_kaikan,Undirected,0.7201,7,0.7201,0.25,-0.7164,False
t:繋がり合う,t:学び,Undirected,0.7179,4,0.7179,0.1905,-0.7145,False
t:集団,t:学び,Undirected,0.7179,4,0.7179,0.1905,-0.7145,False
t:学び合い,t:学び,Undirected,0.7179,4,0.7179,0.1905,-0.7145,False
t:docomomo,t:国立近現代建築資料館,Undirected,0.717,3,0.717,0.2143,-0.7138,False
t:試み,t:危機,Undirected,0.717,3,0.717,0.1875,-0.7449,False
t:試み,t:存続,Undirected,0.717,3,0.717,0.1875,-0.7449,False
t:認定取り消し,t:纏める,Undirected,0.717,3,0.717,0.1875,-0.7138,False
t:同審議会文化財分科会,t:経る,Undirected,0.7167,4,0.7167,0.1667,-0.7133,False
t:再始動,t:経る,Undirected,0.7167,4,0.7167,0.1667,-0.7133,False
t:被災,t:年熊本地震,Undirected,0.7166,14,0.7166,0.28,-0.7242,False
t:TRCグループ,t:図書館,Undirected,0.7164,7,0.7164,0.1628,-0.7127,False
t:大阪共立,t:図書館,Undirected,0.7164,7,0.7164,0.1628,-0.7127,False
t:大阪府立中央,t:図書館,Undirected,0.7164,7,0.7164,0.1628,-0.7127,False
t:広げる,t:方策,Undirected,0.7154,4,0.7154,0.1379,-0.712,False
t:ブース,t:設置,Undirected,0.7154,4,0.7154,0.1379,0.3942,False
t:捉える,t:踏まえる,Undirected,0.7154,4,0.7154,0.1379,-0.712,False
t:支援情報,t:助成,Undirected,0.7145,6,0.7145,0.1538,-0.719,False
t:日付更新,t:助成,Undirected,0.7145,6,0.7145,0.1538,-0.719,False
t:YouTube,t:配信,Undirected,0.7142,4,0.7142,0.2222,-0.7489,False
t:推薦,t:彦根城,Undirected,0.7142,33,0.7142,0.2661,-0.724,False
t:修理中,t:作業,Undirected,0.7131,3,0.7131,0.1579,-0.7098,False
t:公財,t:文化財保護,Undirected,0.7131,3,0.7131,0.2,-0.7353,False
policy:bunka_kanko_suishinho,t:報道,Undirected,0.7128,7,0.7128,0.2188,-0.7408,False
t:BGM使用料,t:法改正,Undirected,0.7117,4,0.7117,0.2,-0.7083,False
t:資格,t:取る,Undirected,0.7106,6,0.7106,0.1875,-0.7122,False
t:もりおか歴史文化館,t:知る,Undirected,0.7105,4,0.7105,0.16,-0.741,False
t:テーマ展,t:知る,Undirected,0.7105,4,0.7105,0.16,-0.741,False
t:職員さん,t:取る,Undirected,0.7105,4,0.7105,0.1333,-0.712,False
t:扱う,t:含める,Undirected,0.7105,4,0.7105,0.16,-0.7071,False
t:繋がる,t:楽しい,Undirected,0.7105,4,0.7105,0.2105,-0.7265,False
t:経験,t:取る,Undirected,0.7105,4,0.7105,0.1333,-0.712,False
t:秩序,t:通知,Undirected,0.7103,5,0.7103,0.2273,-0.7068,False
t:委託先,policy:juyo_bunkazai,Undirected,0.7087,9,0.7087,0.1667,-0.7141,False
t:木造阿弥陀如来座像,policy:juyo_bunkazai,Undirected,0.7087,9,0.7087,0.1667,-0.7141,False
t:還元,t:閣議決定,Undirected,0.7075,3,0.7075,0.1765,-0.7041,False
t:宗教法人,t:アンケート,Undirected,0.7075,3,0.7075,0.1765,-0.7041,False
t:ジャパン,t:一般社団法人,Undirected,0.7075,3,0.7075,0.1765,-0.7353,False
t:割り増し,t:休館,Undirected,0.7058,4,0.7058,0.129,-0.7023,False
t:改修費,t:休館,Undirected,0.7058,4,0.7058,0.129,-0.7023,False
t:配分,t:改正案,Undirected,0.7054,5,0.7054,0.1786,-0.7017,False
t:寄付,t:熊本地震,Undirected,0.7054,5,0.7054,0.2273,-0.7249,False
t:事務連絡,t:被災,Undirected,0.7054,5,0.7054,0.1786,-0.7076,False
t:江戸時代,t:推薦,Undirected,0.7049,7,0.7049,0.1842,-0.7055,False
t:歌手,t:分配,Undirected,0.7047,4,0.7047,0.1538,-0.7011,False
t:タイアップ,t:創作,Undirected,0.7039,3,0.7039,0.2,-0.7138,False
t:適用,t:措置,Undirected,0.7039,3,0.7039,0.2,-0.7474,False
t:適用,t:災害,Undirected,0.7039,3,0.7039,0.2,-0.7474,False
t:災害,t:はじめ,Undirected,0.7039,3,0.7039,0.2,-0.722,False
t:地域コミュニティー,t:支える,Undirected,0.7026,6,0.7026,0.2143,-0.6988,False
t:監督,t:コラボ,Undirected,0.7021,3,0.7021,0.1875,-0.6987,False
t:講師,t:分かる,Undirected,0.7021,3,0.7021,0.1875,-0.6987,False
t:克彦,t:答申,Undirected,0.7013,4,0.7013,0.125,-0.6977,False
t:議決,t:答申,Undirected,0.7013,4,0.7013,0.125,-0.6977,False
t:名乗る,t:称号,Undirected,0.7013,4,0.7013,0.125,-0.6977,False
t:皆さん,t:資格,Undirected,0.7013,4,0.7013,0.2,-0.6977,False
t:科目,t:枠組み,Undirected,0.7013,4,0.7013,0.2,-0.6977,False
t:基本的,t:枠組み,Undirected,0.7013,4,0.7013,0.2,-0.6977,False
t:首長部局,t:連携,Undirected,0.7008,6,0.7008,0.1765,-0.7232,False
t:資格,t:称号,Undirected,0.7008,6,0.7008,0.1765,-0.697,False
t:妖怪画コレクション,t:特別展,Undirected,0.6998,5,0.6998,0.2,-0.7111,False
t:コミケ,t:枚目,Undirected,0.699,5,0.699,0.1316,-0.7034,False
t:弁理士,t:枚目,Undirected,0.699,5,0.699,0.1316,-0.7034,False
t:還元,t:改正案,Undirected,0.699,4,0.699,0.1481,-0.6954,False
t:年熊本地震,t:文化財復興緊急支援,Undirected,0.699,5,0.699,0.1316,-0.6993,False
t:先程,t:提案,Undirected,0.699,4,0.699,0.2105,-0.6954,False
t:原爆ドーム,t:切っ掛け,Undirected,0.6986,3,0.6986,0.2,-0.6951,False
t:厳島神社,t:描く,Undirected,0.6986,3,0.6986,0.2,-0.6951,False
t:切っ掛け,t:描く,Undirected,0.6986,3,0.6986,0.2,-0.6951,False
t:反発,t:中国,Undirected,0.6984,6,0.6984,0.2,-0.7514,False
t:文化財支援,t:奈良,Undirected,0.6981,10,0.6981,0.1613,-0.7267,False
t:行方,t:解説,Undirected,0.6974,5,0.6974,0.1852,-0.6937,False
t:日本語教育,t:通知,Undirected,0.6974,5,0.6974,0.2174,-0.7546,False
t:審議会,t:推薦決定,Undirected,0.6968,4,0.6968,0.2105,-0.6932,False
t:地域計画,t:報道,Undirected,0.6961,6,0.6961,0.2069,-0.7232,False
t:取り纏め,t:確認,Undirected,0.6961,6,0.6961,0.2069,-0.6922,False
t:継続的,t:学び,Undirected,0.6958,4,0.6958,0.1818,-0.6921,False
t:長谷工,t:図書館,Undirected,0.6956,7,0.6956,0.1591,-0.6916,False
t:象徴,t:推薦,Undirected,0.6953,8,0.6953,0.2,-0.6958,False
t:年休館,t:改修,Undirected,0.6951,5,0.6951,0.1282,-0.6993,False
t:国内,t:候補,Undirected,0.6951,5,0.6951,0.2174,-0.7017,False
t:使用料,t:閣議決定,Undirected,0.6936,4,0.6936,0.2,-0.69,False
t:定義,t:人々,Undirected,0.6936,4,0.6936,0.2,-0.7108,False
t:繋がり合う,t:作る,Undirected,0.6926,6,0.6926,0.1333,-0.6887,False
t:集団,t:作る,Undirected,0.6926,6,0.6926,0.1333,-0.6887,False
t:建造物登録,t:周年,Undirected,0.6926,6,0.6926,0.1333,0.0007,False
t:登録文化財制度,t:周年,Undirected,0.6926,6,0.6926,0.1333,0.0007,False
t:ふれる,t:始まる,Undirected,0.6919,3,0.6919,0.1364,0.9389,True
t:単位,t:現行,Undirected,0.6915,6,0.6915,0.2222,-0.6876,False
t:秩序,t:充実,Undirected,0.6898,6,0.6898,0.2,-0.6859,False
t:殿堂,t:オペラ,Undirected,0.6884,4,0.6884,0.2,-0.6847,False
t:床磨き,policy:kokuho,Undirected,0.6884,4,0.6884,0.1143,-0.6977,False
t:方向性,t:鍛える,Undirected,0.6884,4,0.6884,0.1379,-0.7171,False
t:秩序,t:向ける,Undirected,0.6878,10,0.6878,0.1639,-0.6835,False
t:文化省,t:提言,Undirected,0.6854,3,0.6854,0.1304,-0.6883,False
t:政令,t:指定,Undirected,0.6854,3,0.6854,0.1304,-0.6818,False
t:広域,t:機会,Undirected,0.6843,4,0.6843,0.1818,-0.6889,False
t:資格,t:専門性,Undirected,0.6843,4,0.6843,0.1818,-0.6806,False
t:台湾館,t:参加,Undirected,0.6841,5,0.6841,0.1389,-0.6891,False
t:望ましい,t:設置,Undirected,0.6833,4,0.6833,0.1333,-0.7279,False
t:ポイント,t:解説,Undirected,0.6828,6,0.6828,0.2,-0.6788,False
t:歌手ら,t:閣議決定,Undirected,0.6823,3,0.6823,0.1667,-0.6787,False
t:閉館,t:明記,Undirected,0.6823,3,0.6823,0.1875,-0.6787,False
t:明記,t:想定,Undirected,0.6823,3,0.6823,0.1875,-0.6787,False
t:年登録,t:速報,Undirected,0.6823,3,0.6823,0.1875,-0.6787,False
t:歌手,t:閣議決定,Undirected,0.6821,7,0.6821,0.2121,-0.6779,False
t:閣議決定,policy:chosakukenho,Undirected,0.6818,12,0.6818,0.1846,-0.6773,False
t:売買,t:事例,Undirected,0.6808,3,0.6808,0.1765,-0.6771,False
t:社会教育施設,t:生涯学習,Undirected,0.6808,3,0.6808,0.1765,-0.6771,False
t:報道関係者,t:配信,Undirected,0.6808,3,0.6808,0.1765,-0.7138,False
t:はじめ,t:熊本地震,Undirected,0.6808,3,0.6808,0.1765,-0.6987,False
t:名勝,t:熊本地震,Undirected,0.6808,3,0.6808,0.1765,-0.6771,False
t:県立博物館,t:分かる,Undirected,0.6808,3,0.6808,0.1765,-0.6771,False
t:事務連絡,t:復旧,Undirected,0.6808,3,0.6808,0.1765,-0.6883,False
t:省察,t:活躍,Undirected,0.6804,4,0.6804,0.1081,-0.6766,False
policy:bunka_shigen,t:政策,Undirected,0.6804,11,0.6804,0.2115,-0.6798,False
t:重なる,t:活躍,Undirected,0.6804,4,0.6804,0.1081,-0.6766,False
t:経験,t:活躍,Undirected,0.6804,4,0.6804,0.1081,-0.6766,False
t:捉える,t:活躍,Undirected,0.6804,4,0.6804,0.1081,-0.6766,False
t:専門人材育成,t:支える,Undirected,0.6793,3,0.6793,0.125,-0.6756,False
t:コンテンツ制作,t:支える,Undirected,0.6793,3,0.6793,0.125,-0.6756,False
t:生態,t:滋賀,Undirected,0.6793,3,0.6793,0.125,-0.6883,False
t:検定,t:周年記念,Undirected,0.6793,3,0.6793,0.125,-0.7098,False
t:資格,t:活躍,Undirected,0.6786,6,0.6786,0.1538,-0.6745,False
t:地域活動,t:取る,Undirected,0.6785,4,0.6785,0.129,-0.6796,False
t:取る,t:鍛える,Undirected,0.6785,4,0.6785,0.129,-0.712,False
t:無料配布中,t:枚目,Undirected,0.6766,4,0.6766,0.1053,-0.6806,False
t:無料配布中,t:著作権,Undirected,0.6766,4,0.6766,0.1053,-0.6727,False
t:講演映像,t:枚目,Undirected,0.6766,4,0.6766,0.1053,-0.6806,False
t:講演映像,t:著作権,Undirected,0.6766,4,0.6766,0.1053,-0.6727,False
t:講演資料,t:枚目,Undirected,0.6766,4,0.6766,0.1053,-0.6806,False
t:講演資料,t:著作権,Undirected,0.6766,4,0.6766,0.1053,-0.6727,False
t:台湾館,t:中止,Undirected,0.6766,6,0.6766,0.12,-0.6756,False
t:広域,t:研修,Undirected,0.6766,4,0.6766,0.1739,-0.6806,False
t:日本語教育,t:充実,Undirected,0.6766,6,0.6766,0.1935,-0.7351,False
t:学び,t:社会教育行政,Undirected,0.6766,4,0.6766,0.1739,-0.6727,False
t:称号,t:取る,Undirected,0.6764,12,0.6764,0.24,-0.6776,False
t:認定取り消し,t:可能性,Undirected,0.6749,3,0.6749,0.1429,-0.6787,False
t:認定取り消し,t:物語,Undirected,0.6749,3,0.6749,0.1429,-0.6787,False
t:継続審査,t:結果,Undirected,0.6749,3,0.6749,0.1429,-0.6787,False
t:歌手,t:使用料,Undirected,0.6739,5,0.6739,0.1724,-0.6699,False
t:選定保存技術,t:選定,Undirected,0.6738,4,0.6738,0.125,-0.6796,False
t:台湾館,policy:geijutsusai,Undirected,0.6735,6,0.6735,0.1176,-0.6725,False
t:厳島神社,t:デザイン,Undirected,0.6734,3,0.6734,0.1765,-0.6697,False
t:切っ掛け,t:デザイン,Undirected,0.6734,3,0.6734,0.1765,-0.6697,False
t:皆様,t:進行,Undirected,0.6734,3,0.6734,0.1579,-0.6697,False
t:修理負担増,t:奈良,Undirected,0.6733,8,0.6733,0.129,-0.7005,False
t:物価高,t:奈良,Undirected,0.6733,8,0.6733,0.129,-0.7005,False
t:返礼品なし,t:奈良,Undirected,0.6733,8,0.6733,0.129,-0.7005,False
t:バレエ公演,t:改修,Undirected,0.6728,4,0.6728,0.1026,-0.6766,False
t:村野藤吾設計,t:改修,Undirected,0.6728,4,0.6728,0.1026,-0.6766,False
t:歌手ら,t:改正案,Undirected,0.6728,4,0.6728,0.1429,-0.6689,False
t:社会教育講習,t:養成,Undirected,0.6728,4,0.6728,0.1429,-0.6689,False
t:引き続く,t:具体的,Undirected,0.6725,6,0.6725,0.1818,-0.6798,False
t:次創作,t:枚目,Undirected,0.6719,5,0.6719,0.1282,-0.676,False
t:再審査,t:纏める,Undirected,0.6706,3,0.6706,0.1667,-0.6668,False
t:審議,t:経る,Undirected,0.6706,5,0.6706,0.1786,-0.6666,False
t:幽霊,t:特別展,Undirected,0.67,5,0.67,0.1852,-0.6809,False
t:ルックバック,t:創作,Undirected,0.6692,3,0.6692,0.1765,-0.6787,False
t:単位数,t:枠組み,Undirected,0.6692,4,0.6692,0.1818,-0.6653,False
t:単位数,t:現行,Undirected,0.6692,4,0.6692,0.1818,-0.6653,False
t:地域コミュニティー,t:維持,Undirected,0.6692,3,0.6692,0.1765,-0.6654,False
t:明記,t:国立,Undirected,0.6692,3,0.6692,0.1765,-0.6654,False
t:記念シンポジウム,t:周年,Undirected,0.6691,6,0.6691,0.1304,0.0331,False
t:記念イベント,t:経る,Undirected,0.6683,4,0.6683,0.1538,-0.6643,False
t:教育委員会,t:連携,Undirected,0.6682,8,0.6682,0.2,-0.6913,False
t:使用料,t:改正案,Undirected,0.6681,5,0.6681,0.1667,-0.664,False
t:アニメ,t:漫画,Undirected,0.6681,5,0.6681,0.1923,-0.676,False
t:原爆ドーム,t:描く,Undirected,0.6678,3,0.6678,0.1765,-0.664,False
t:閉館,t:想定,Undirected,0.6678,3,0.6678,0.1765,-0.664,False
t:グループ,t:取り纏め,Undirected,0.6672,6,0.6672,0.1765,-0.663,False
t:方々,t:取る,Undirected,0.6667,10,0.6667,0.2222,-0.6677,False
t:称号,t:社会教育士,Undirected,0.6625,24,0.6625,0.2162,-0.659,False
t:佐渡島,t:視察,Undirected,0.6624,3,0.6624,0.1667,-0.6585,False
t:楽曲使用料,t:改正案,Undirected,0.6624,3,0.6624,0.1111,-0.6585,False
policy:bunkazai_hogoho,t:PDF,Undirected,0.6624,3,0.6624,0.1111,-0.6585,False
t:社会教育士,t:社会教育主事,Undirected,0.6616,38,0.6616,0.2836,-0.6577,False
t:協働,t:促進,Undirected,0.6613,4,0.6613,0.1818,-0.6816,False
t:受託,t:業務,Undirected,0.6611,3,0.6611,0.1579,0.7241,True
t:単位,t:単位数,Undirected,0.6605,4,0.6605,0.1739,-0.6564,False
t:ふるさと納税,t:奈良,Undirected,0.6604,12,0.6604,0.1791,-0.6999,False
t:定義,t:学び,Undirected,0.6597,4,0.6597,0.1667,-0.6556,False
t:保存会,t:助成金,Undirected,0.6594,5,0.6594,0.1471,-0.6552,False
t:拠点計画,t:認定,Undirected,0.6586,14,0.6586,0.1591,-0.6664,False
t:伊藤学司,t:漫画,Undirected,0.6572,3,0.6572,0.1429,-0.6532,False
t:県立博物館,t:学芸員,Undirected,0.6571,5,0.6571,0.1316,-0.6528,False
t:考え方,t:著作権,Undirected,0.6566,6,0.6566,0.1463,-0.6522,False
t:機会,t:研修,Undirected,0.6566,6,0.6566,0.1935,-0.6694,False
t:歌手,t:法改正,Undirected,0.6563,4,0.6563,0.1429,-0.6522,False
t:重なる,t:講習,Undirected,0.6555,4,0.6555,0.0909,-0.6582,False
t:皆さん,t:拡充,Undirected,0.6555,4,0.6555,0.1739,-0.6514,False
t:方策,t:講習,Undirected,0.6555,4,0.6555,0.0909,-0.6582,False
t:基盤,t:支える,Undirected,0.6552,6,0.6552,0.1875,-0.6615,False
t:閉館,t:国立,Undirected,0.6547,3,0.6547,0.1667,-0.6507,False
t:申し上げる,t:皆様,Undirected,0.6547,5,0.6547,0.1852,-0.6505,False
t:想定,t:国立,Undirected,0.6547,3,0.6547,0.1667,-0.6507,False
t:不自由展,t:あいちトリエンナーレ,Undirected,0.6539,6,0.6539,0.1714,-0.6495,False
t:存続,t:廃棄,Undirected,0.653,6,0.653,0.1818,-0.6486,False
t:省察,t:作る,Undirected,0.6523,4,0.6523,0.0889,-0.6481,False
t:自律的,t:作る,Undirected,0.6523,4,0.6523,0.0889,-0.6481,False
t:人たち,t:取る,Undirected,0.6523,4,0.6523,0.125,-0.6531,False
t:立てる,t:意味,Undirected,0.6523,4,0.6523,0.1667,-0.6481,False
t:裾野,t:視点,Undirected,0.6523,4,0.6523,0.16,-0.6481,False
t:自治体,t:視点,Undirected,0.6523,4,0.6523,0.16,-0.6556,False
t:適用,t:通知,Undirected,0.6522,3,0.6522,0.15,-0.6951,False
org:unesco,t:大津祭,Undirected,0.6513,6,0.6513,0.1017,0.128,False
t:表現,t:愛知,Undirected,0.6507,4,0.6507,0.1379,-0.6465,False
t:養成,t:社会教育主事,Undirected,0.6507,16,0.6507,0.2025,-0.6455,False
t:養成,t:審議事項,Undirected,0.6507,4,0.6507,0.1379,-0.6465,False
t:修理,policy:juyo_bunkazai,Undirected,0.6498,11,0.6498,0.1803,0.1731,False
t:長谷工,policy:shitei_kanrisha,Undirected,0.6494,8,0.6494,0.1111,-0.647,False
t:会津若松,t:イベント,Undirected,0.6491,4,0.6491,0.087,-0.6727,False
t:発見秘話,t:イベント,Undirected,0.6491,4,0.6491,0.087,-0.6727,False
t:福島県立博物館学芸員,t:イベント,Undirected,0.6491,4,0.6491,0.087,-0.6727,False
t:頭突き恐竜化石,t:イベント,Undirected,0.6491,4,0.6491,0.087,-0.6727,False
t:除籍,t:資料,Undirected,0.6491,4,0.6491,0.087,-0.6514,False
t:適用,t:年熊本地震,Undirected,0.649,5,0.649,0.125,-0.6993,False
policy:bunka_kanko_suishinho,t:認定,Undirected,0.6488,19,0.6488,0.2,-0.6569,False
t:パッケージ,t:向ける,Undirected,0.6487,6,0.6487,0.1,-0.6443,False
t:採択先,t:支える,Undirected,0.6485,3,0.6485,0.12,-0.6445,False
t:確保等,t:支える,Undirected,0.6485,3,0.6485,0.12,-0.6445,False
t:琵琶湖博物館,t:滋賀,Undirected,0.6485,3,0.6485,0.12,-0.7285,False
t:考察,t:滋賀,Undirected,0.6485,3,0.6485,0.12,-0.6572,False
t:備える,t:支える,Undirected,0.6485,3,0.6485,0.12,-0.6445,False
t:専門人材育成,t:発信,Undirected,0.6473,3,0.6473,0.1,-0.6482,False
t:コンテンツ制作,t:発信,Undirected,0.6473,3,0.6473,0.1,-0.6482,False
t:横断幕,t:設置,Undirected,0.6473,3,0.6473,0.1,-0.6987,False
t:ジャパン,t:建築,Undirected,0.6468,5,0.6468,0.1786,-0.676,False
t:幻想的,policy:mukei_bunka_isan,Undirected,0.646,4,0.646,0.0851,-0.6689,False
t:東京芸術文化創造,org:arts_council_tokyo,Undirected,0.6453,4,0.6453,0.1538,-0.6481,False
t:発信助成,org:arts_council_tokyo,Undirected,0.6453,4,0.6453,0.1538,-0.6481,False
t:進行中,t:枚目,Undirected,0.6445,4,0.6445,0.1026,-0.6481,False
t:対応要領,t:関する,Undirected,0.6441,17,0.6441,0.1405,0.1364,False
t:差別,t:関する,Undirected,0.6441,17,0.6441,0.1405,0.1364,False
t:解消,t:関する,Undirected,0.6441,17,0.6441,0.1405,0.1364,False
t:答申,org:bunka_shingikai,Undirected,0.644,20,0.644,0.2083,-0.643,False
t:愛知,t:国際,Undirected,0.6438,3,0.6438,0.1429,-0.6482,False
t:首長部局,t:含める,Undirected,0.643,4,0.643,0.1429,-0.6387,False
t:文化財修理,t:知る,Undirected,0.643,4,0.643,0.1429,-0.6727,False
t:基盤,t:在り方,Undirected,0.6429,8,0.6429,0.1702,-0.6493,False
t:金山,t:視察,Undirected,0.6426,3,0.6426,0.15,-0.6482,False
t:原爆ドーム,t:デザイン,Undirected,0.6426,3,0.6426,0.1579,-0.6385,False
t:広島,t:切っ掛け,Undirected,0.6426,3,0.6426,0.15,-0.6385,False
t:県内,t:宮城,Undirected,0.6426,3,0.6426,0.15,-0.6482,False
t:描く,t:デザイン,Undirected,0.6426,3,0.6426,0.1579,-0.6385,False
t:災害,t:措置,Undirected,0.6415,3,0.6415,0.1579,-0.6374,False
t:審議会,t:改善,Undirected,0.6415,3,0.6415,0.1579,-0.6374,False
t:提供,t:機会,Undirected,0.6413,6,0.6413,0.1818,-0.661,False
t:持つ,t:専門性,Undirected,0.6413,6,0.6413,0.1818,-0.6367,False
t:再始動,t:改修,Undirected,0.6408,4,0.6408,0.1,-0.6441,False
t:協働,t:仕組み,Undirected,0.6408,4,0.6408,0.1667,-0.6365,False
t:促進,t:仕組み,Undirected,0.6408,4,0.6408,0.1667,-0.6608,False
policy:mukei_bunka_isan,t:大津祭,Undirected,0.6404,5,0.6404,0.1042,-0.1463,False
t:改正,policy:hakubutsukanho,Undirected,0.6403,17,0.6403,0.2048,-0.6349,False
t:受講,t:講習,Undirected,0.6402,10,0.6402,0.1852,-0.6431,False
t:存続,t:危機,Undirected,0.6401,4,0.6401,0.1667,-0.6357,False
t:神山社会教育振興,t:説明,Undirected,0.6386,4,0.6386,0.1481,-0.641,False
t:総括官,t:説明,Undirected,0.6386,4,0.6386,0.1481,-0.641,False
t:市町村,t:機会,Undirected,0.6386,4,0.6386,0.16,-0.6426,False
t:拡充,t:専門性,Undirected,0.6386,4,0.6386,0.16,-0.6343,False
t:前提,t:養成課程,Undirected,0.6386,4,0.6386,0.1481,-0.6343,False
t:社会教育主事,t:前提,Undirected,0.6374,8,0.6374,0.1143,-0.6326,False
t:共生社会,t:通知,Undirected,0.6373,5,0.6373,0.1724,-0.6602,False
t:TRCグループ,policy:shitei_kanrisha,Undirected,0.6359,7,0.6359,0.0972,-0.6334,False
t:大阪共立,policy:shitei_kanrisha,Undirected,0.6359,7,0.6359,0.0972,-0.6334,False
t:大阪府立中央,policy:shitei_kanrisha,Undirected,0.6359,7,0.6359,0.0972,-0.6334,False
t:connect,t:始まる,Undirected,0.6359,3,0.6359,0.125,0.7917,True
t:講師,t:始まる,Undirected,0.6359,3,0.6359,0.125,-0.6612,False
t:会議室,org:mext,Undirected,0.6351,8,0.6351,0.1569,-0.6854,False
t:実習,t:単位,Undirected,0.6343,4,0.6343,0.16,-0.6299,False
t:ワーキング,t:取り纏め,Undirected,0.6342,6,0.6342,0.1463,-0.6296,False
t:厳島神社,t:次世代,Undirected,0.6337,3,0.6337,0.1429,-0.6385,False
t:切っ掛け,t:次世代,Undirected,0.6337,3,0.6337,0.1429,-0.6385,False
t:文部科学大臣,t:経る,Undirected,0.6322,4,0.6322,0.1429,-0.6278,False
t:文化財等,t:被災,Undirected,0.6316,3,0.6316,0.1071,-0.6329,False
t:参加中止,t:中国,Undirected,0.6316,3,0.6316,0.1071,-0.6787,False
t:皆さん,t:都道府県,Undirected,0.6315,4,0.6315,0.16,-0.6271,False
t:日本語教育支援総合,t:向ける,Undirected,0.6312,5,0.6312,0.0833,-0.6266,False
t:韓国,t:中国,Undirected,0.631,7,0.631,0.1795,-0.6925,False
t:総合教育政策局,org:mext,Undirected,0.6308,6,0.6308,0.125,0.7359,True
t:市町村,t:研修,Undirected,0.6308,4,0.6308,0.1538,-0.6343,False
t:縄文遺跡群,t:周年,Undirected,0.6308,6,0.6308,0.125,0.082,False
t:歌手,t:改正案,Undirected,0.6302,8,0.6302,0.186,-0.6252,False
t:備える,t:未来,Undirected,0.6301,4,0.6301,0.093,-0.6481,False
t:繋がり,t:活躍,Undirected,0.63,6,0.63,0.1429,-0.6401,False
t:審議会,t:認める,Undirected,0.6295,3,0.6295,0.15,-0.6252,False
t:推薦決定,t:改善,Undirected,0.6295,3,0.6295,0.15,-0.6252,False
t:改善,t:認める,Undirected,0.6295,3,0.6295,0.15,-0.6252,False
t:行方,t:枚目,Undirected,0.6292,5,0.6292,0.122,-0.6328,False
t:再審査,t:可能性,Undirected,0.6285,3,0.6285,0.1304,-0.6317,False
t:再審査,t:物語,Undirected,0.6285,3,0.6285,0.1304,-0.6317,False
t:神山社会教育振興,t:資料,Undirected,0.6274,6,0.6274,0.1224,-0.6296,False
t:総括官,t:資料,Undirected,0.6274,6,0.6274,0.1224,-0.6296,False
t:推進本部,policy:bunka_kanko,Undirected,0.6269,17,0.6269,0.1278,-0.0192,False
t:食文化推進本部,policy:bunka_kanko,Undirected,0.6269,17,0.6269,0.1278,-0.0192,False
t:地域活動,t:役割,Undirected,0.6264,3,0.6264,0.1034,-0.6221,False
t:年登録,t:めざす,Undirected,0.6264,3,0.6264,0.1429,-0.6421,False
policy:chosakukenho,t:起きる,Undirected,0.6263,5,0.6263,0.0806,-0.6217,False
t:一部毀損,policy:juyo_bunkazai,Undirected,0.6261,4,0.6261,0.0741,-0.6299,False
t:国有,policy:juyo_bunkazai,Undirected,0.6261,4,0.6261,0.0741,-0.6299,False
t:個人レベル,t:書く,Undirected,0.6261,4,0.6261,0.0741,-0.6216,False
t:地域レベル,t:書く,Undirected,0.6261,4,0.6261,0.0741,-0.6216,False
t:御守りカード,policy:juyo_bunkazai,Undirected,0.6261,4,0.6261,0.0741,-0.6299,False
t:限定配布,policy:juyo_bunkazai,Undirected,0.6261,4,0.6261,0.0741,-0.6299,False
t:自律的,t:書く,Undirected,0.6261,4,0.6261,0.0741,-0.6216,False
t:中段,t:書く,Undirected,0.6261,4,0.6261,0.0741,-0.6216,False
t:結論,t:事務局,Undirected,0.6261,4,0.6261,0.1538,-0.6299,False
t:取り組む,t:知る,Undirected,0.6261,4,0.6261,0.1379,-0.6556,False
t:受講要件,t:書く,Undirected,0.6261,4,0.6261,0.0741,-0.6216,False
t:地域計画,t:認定,Undirected,0.6256,16,0.6256,0.1702,-0.6331,False
t:保持者,t:選定,Undirected,0.6254,4,0.6254,0.1176,-0.6306,False
t:周南市文化会館,t:休館,Undirected,0.6254,4,0.6254,0.1176,-0.621,False
t:推薦,t:候補,Undirected,0.6251,7,0.6251,0.1591,-0.6356,False
t:推薦,t:めざす,Undirected,0.6251,7,0.6251,0.1591,-0.6473,False
t:繋ぐ,t:未来,Undirected,0.6244,12,0.6244,0.1967,0.1025,False
t:人々,t:持つ,Undirected,0.624,5,0.624,0.1613,-0.6408,False
t:監督,t:滋賀,Undirected,0.6234,3,0.6234,0.1154,-0.6317,False
t:宮島,t:周年記念,Undirected,0.6234,3,0.6234,0.1154,-0.6532,False
t:単位,t:提案,Undirected,0.6228,4,0.6228,0.1538,-0.6183,False
t:都道府県,t:大学,Undirected,0.6228,4,0.6228,0.1538,-0.6465,False
t:地域社会,t:活躍,Undirected,0.6222,4,0.6222,0.1026,-0.6176,False
t:往還,t:活躍,Undirected,0.6222,4,0.6222,0.1026,-0.6176,False
t:生涯学習,t:拠点,Undirected,0.6214,3,0.6214,0.125,-0.6242,False
t:付け,t:称号,Undirected,0.6209,4,0.6209,0.1143,-0.6163,False
t:科目,t:具体的,Undirected,0.6209,4,0.6209,0.125,-0.6271,False
t:教育機関,t:連携,Undirected,0.6209,4,0.6209,0.1143,-0.1195,False
t:基本的,t:方向性,Undirected,0.6209,4,0.6209,0.125,-0.6163,False
t:配分,policy:chosakukenho,Undirected,0.6202,6,0.6202,0.0952,-0.6154,False
t:定義,t:方々,Undirected,0.6202,4,0.6202,0.1333,-0.6157,False
t:人々,t:基盤,Undirected,0.6202,4,0.6202,0.1538,-0.6465,False
t:周年,t:大山参り,Undirected,0.6202,4,0.6202,0.087,-0.6522,False
t:推薦,t:年登録,Undirected,0.6198,5,0.6198,0.125,-0.6193,False
policy:bunka_kanko_suishinho,t:拠点,Undirected,0.6194,7,0.6194,0.1707,-0.6226,False
t:グループ,t:確認,Undirected,0.6192,8,0.6192,0.1778,-0.6142,False
t:災害,t:熊本地震,Undirected,0.6185,3,0.6185,0.1429,-0.6141,False
t:要求,t:アニメ,Undirected,0.6185,3,0.6185,0.1429,-0.6385,False
t:救援,t:年熊本地震,Undirected,0.6183,4,0.6183,0.1,-0.6176,False
t:危険,t:枚目,Undirected,0.6183,4,0.6183,0.1,-0.6216,False
t:地域コミュニティー,t:在り方,Undirected,0.6181,6,0.6181,0.1333,-0.6133,False
t:図書館,policy:shitei_kanrisha,Undirected,0.6176,20,0.6176,0.2105,-0.6143,False
t:生態,t:学芸員,Undirected,0.6175,3,0.6175,0.0811,-0.6131,False
t:中期目標,t:解説,Undirected,0.6175,3,0.6175,0.1111,-0.6131,False
t:推薦決定,t:認める,Undirected,0.6175,3,0.6175,0.1429,-0.6131,False
t:宇部市文化会館,t:経る,Undirected,0.6171,4,0.6171,0.1379,-0.6125,False
t:歌手,policy:chosakukenho,Undirected,0.6167,13,0.6167,0.1757,-0.6112,False
t:採択先,t:発信,Undirected,0.6165,3,0.6165,0.0968,-0.617,False
t:確保等,t:発信,Undirected,0.6165,3,0.6165,0.0968,-0.617,False
t:認定取り消し,t:発信,Undirected,0.6165,3,0.6165,0.0968,-0.617,False
t:市町村,t:提供,Undirected,0.6164,4,0.6164,0.1429,-0.6264,False
t:広げる,t:首長部局,Undirected,0.6158,4,0.6158,0.1212,-0.6112,False
t:現行,t:具体的,Undirected,0.6154,6,0.6154,0.1579,-0.6219,False
t:共生社会,t:充実,Undirected,0.6147,6,0.6147,0.1622,-0.638,False
facility:tokyo_bunka_kaikan,t:バレエ,Undirected,0.6147,3,0.6147,0.12,-0.6102,False
t:人々,t:取る,Undirected,0.6147,6,0.6147,0.1538,-0.6372,False
t:県立博物館,t:始まる,Undirected,0.6147,3,0.6147,0.12,-0.6397,False
t:障害,t:関する,Undirected,0.6146,17,0.6146,0.1371,0.0401,False
t:実践,t:意味,Undirected,0.6146,4,0.6146,0.1481,-0.6216,False
t:都道府県,t:機会,Undirected,0.6146,4,0.6146,0.1481,-0.6183,False
t:養成,t:前提,Undirected,0.6146,4,0.6146,0.129,-0.61,False
policy:geijutsusai,t:国際,Undirected,0.6145,9,0.6145,0.1525,-0.6226,False
t:彦根城,policy:sekai_bunka_isan,Undirected,0.6144,118,0.6144,0.2565,-0.1502,False
t:ポイント,t:枚目,Undirected,0.6127,6,0.6127,0.1364,-0.6161,False
t:社会教育主事講習,t:単位,Undirected,0.6122,4,0.6122,0.1481,-0.6075,False
t:ジャパン,t:国立近現代建築資料館,Undirected,0.6119,3,0.6119,0.1364,-0.6385,False
t:備える,t:プロジェクト,Undirected,0.6119,3,0.6119,0.0938,-0.6385,False
t:広島,t:描く,Undirected,0.6119,3,0.6119,0.1364,-0.6074,False
t:廃棄,t:博物館資料,Undirected,0.6119,3,0.6119,0.1071,-0.6074,False
t:速報,t:めざす,Undirected,0.6119,3,0.6119,0.1364,-0.6274,False
t:YouTube,t:著作権,Undirected,0.6117,5,0.6117,0.119,-0.6069,False
t:想定,t:含める,Undirected,0.611,4,0.611,0.1333,-0.6063,False
t:含める,t:先程,Undirected,0.611,4,0.611,0.1333,-0.6063,False
t:意識啓発プロジェクト,t:枚目,Undirected,0.61,3,0.61,0.0769,-0.6131,False
t:若年層向け著作権,t:枚目,Undirected,0.61,3,0.61,0.0769,-0.6131,False
t:候補地域,t:結果,Undirected,0.61,3,0.61,0.125,-0.6131,False
t:審査結果,t:結果,Undirected,0.61,3,0.61,0.125,-0.6131,False
t:政令,t:年熊本地震,Undirected,0.61,3,0.61,0.0769,-0.6093,False
policy:bunkazai_hogoho,t:年熊本地震,Undirected,0.61,3,0.61,0.0769,-0.6093,False
t:総括評価,t:結果,Undirected,0.61,3,0.61,0.125,-0.6131,False
t:取り纏め,t:説明,Undirected,0.6098,4,0.6098,0.1379,-0.6119,False
t:不自由展,t:中止,Undirected,0.6087,7,0.6087,0.1273,-0.6068,False
t:反発,t:参加,Undirected,0.6083,5,0.6083,0.125,-0.6123,False
t:改正,t:起きる,Undirected,0.6083,5,0.6083,0.0714,-0.6035,False
t:保持者,t:指定,Undirected,0.6082,3,0.6082,0.1154,-0.6037,False
t:認定等,t:指定,Undirected,0.6082,3,0.6082,0.1154,-0.6252,False
t:適用,t:指定,Undirected,0.6082,3,0.6082,0.1154,-0.6507,False
t:主催,t:図書館,Undirected,0.6081,7,0.6081,0.14,-0.6412,False
t:備える,t:繋ぐ,Undirected,0.6073,3,0.6073,0.0909,-0.6329,False
t:繋ぐ,t:歴史文化,Undirected,0.6073,3,0.6073,0.0909,0.8528,True
t:協働,t:学び,Undirected,0.6068,4,0.6068,0.1429,-0.6021,False
t:促進,t:学び,Undirected,0.6068,4,0.6068,0.1429,-0.6264,False
t:都道府県,t:研修,Undirected,0.6068,4,0.6068,0.1429,-0.61,False
t:救援,t:被災,Undirected,0.6065,3,0.6065,0.1034,-0.6074,False
t:政令,t:対する,Undirected,0.6065,3,0.6065,0.075,-0.6093,False
t:表現,t:あいちトリエンナーレ,Undirected,0.6065,8,0.6065,0.1702,-0.6012,False
t:共生社会,t:向ける,Undirected,0.6063,10,0.6063,0.1471,-0.6315,False
t:解説,t:枚目,Undirected,0.6063,9,0.6063,0.1698,-0.6099,False
t:BGM,policy:chosakukenho,Undirected,0.6062,4,0.6062,0.0645,-0.6015,False
t:楽曲使用料,policy:chosakukenho,Undirected,0.6062,4,0.6062,0.0645,-0.6015,False
t:単位,t:具体的,Undirected,0.6061,6,0.6061,0.1538,-0.6126,False
t:象徴,t:彦根城,Undirected,0.6058,12,0.6058,0.0992,-0.6075,False
t:彦根城,t:推薦決定,Undirected,0.6058,12,0.6058,0.0992,-0.6075,False
t:モクチャウ,policy:bunka_kanko,Undirected,0.6056,14,0.6056,0.1053,-0.6272,False
t:アートマネージメント人材等,org:arts_council_tokyo,Undirected,0.6054,5,0.6054,0.1515,-0.6078,False
t:海外派遣プログラム,org:arts_council_tokyo,Undirected,0.6054,5,0.6054,0.1515,-0.6078,False
policy:geijutsusai,t:愛知,Undirected,0.6054,5,0.6054,0.0943,-0.6035,False
t:週間,policy:bunka_kanko,Undirected,0.6052,18,0.6052,0.1324,-0.6465,False
t:想定,t:充実,Undirected,0.6051,4,0.6051,0.129,-0.6004,False
t:実践,t:活躍,Undirected,0.6045,6,0.6045,0.1364,-0.6119,False
t:楽しい,t:作る,Undirected,0.6041,5,0.6041,0.1042,-0.6193,False
t:付け,t:社会教育主事,Undirected,0.6039,6,0.6039,0.0857,-0.5989,False
t:付け,t:ワーキング,Undirected,0.6039,4,0.6039,0.1026,-0.5992,False
t:ワーキング,t:審議事項,Undirected,0.6039,4,0.6039,0.1026,-0.5992,False
t:具体的,t:維持,Undirected,0.6039,4,0.6039,0.1212,-0.61,False
t:原爆ドーム,t:次世代,Undirected,0.603,3,0.603,0.1304,-0.6074,False
t:選定保存技術,t:答申,Undirected,0.603,3,0.603,0.0882,-0.5984,False
t:描く,t:次世代,Undirected,0.603,3,0.603,0.1304,-0.6074,False
t:はじめ,t:支える,Undirected,0.6021,3,0.6021,0.1111,-0.619,False
policy:shiseki_meisho,t:答申,Undirected,0.6017,4,0.6017,0.1111,-0.5969,False
t:修理中,t:木造阿弥陀如来座像,Undirected,0.6012,3,0.6012,0.125,-0.5967,False
t:継続的,t:活躍,Undirected,0.6,4,0.6,0.1,-0.5952,False
t:受講,t:分かる,Undirected,0.5995,4,0.5995,0.1379,-0.5947,False
t:広げる,t:視点,Undirected,0.5989,4,0.5989,0.1176,-0.5941,False
t:反発,t:中止,Undirected,0.5986,6,0.5986,0.1111,-0.5967,False
