date,title,source,tier,url,nodes,snippet
2026-08-13,文化財防災のガイドライン改訂、地方の体制整備を促す,サンプル（架空）,,,文化庁 文化財防災 文化財保護法 ガイドライン 修理技術者 地方公共団体 学芸員 改訂 整備 求める 活用 補助 連携,文化庁は、文化財防災に関するガイドラインを改訂した。 豪雨や地震による被害を踏まえ、事前の備えと初動の手順を具体化した。 地方公共団体に対し、文化財の所在情報の整理と関係機関の連携を求める。 修理技術者や学芸員が被災直後に動ける体制づくりも課題に挙げた。 文化財保護法に基づく補助の活用方法もあわせて示した。
2026-08-12,公立劇場への助成、地域枠を新設へ,サンプル（架空）,,,劇場法 予算 事業費 公立劇場 助成 地域 地域枠 地方公共団体 新設 活用 縮小,日本芸術文化振興会は、公立劇場への助成に地域枠を新設する方向で調整に入った。 大都市圏に助成が集中しているとの指摘を受けたもので、配分の見直しを図る。 地方公共団体の予算が縮小するなか、事業費の確保に苦しむ劇場は多い。 劇場法が掲げる地域の文化拠点としての役割を、あらためて重視する。 アーツカウンシルの評価の仕組みを活用し、成果の検証も進める。
2026-08-10,学芸員の待遇改善求め、博物館関係団体が要望書,サンプル（架空）,,,文化庁 指定管理者制度 地方公共団体 学芸員 専門人材 待遇改善 支援 求める 育成 要望書,日本博物館協会は、学芸員の待遇改善を求める要望書を文化庁に提出した。 有期雇用が広がり、専門人材の育成と継承が難しくなっていると訴えた。 指定管理者制度のもとで人件費が抑えられている実態も指摘した。 博物館法の改正後も、現場の人材難は解消していないという。 文化庁は、地方公共団体を通じた支援のあり方を検討するとしている。
2026-08-08,日本遺産の認定地域、観光振興と保存の両立に苦慮,サンプル（架空）,,,文化庁 文化観光推進法 文化資源 日本遺産 両立 保存 地域 地方公共団体 多言語解説 支援 整備 活用 育成 苦慮 観光振興 認定,日本遺産に認定された地域が、観光振興と文化財の保存の両立に苦慮している。 インバウンドの回復で来訪者が増え、史跡の傷みが指摘されるようになった。 地方公共団体は、案内人の育成や多言語解説の整備を進めている。 文化庁は、文化観光推進法の枠組みでの支援を検討する。 文化資源を守りながら活用する仕組みづくりが問われている。
2026-08-05,文化庁予算の概算要求、文化財防災と人材育成に重点,サンプル（架空）,,,文化庁 文化財防災 予算 事業費 人材育成 修理技術者 地方公共団体 学芸員 専門人材 整備 概算要求 連携 重点,文化庁は来年度の概算要求で、文化財防災と人材育成に重点を置く方針を示した。 災害による文化財の被害が相次ぎ、防災設備の整備が急務となっている。 修理技術者や学芸員といった専門人材の不足も深刻だという。 文化芸術基本法の理念を踏まえ、地方公共団体との連携を強める。 文化観光の推進に向けた事業費も引き続き要求する。
2026-08-03,国立文化財機構、収蔵品のデジタルアーカイブを大幅拡充,サンプル（架空）,,,文化庁 国立文化財機構 文化資源 デジタルアーカイブ 予算 保存 収蔵品 拡充 整備 活用 資料,国立文化財機構は、東京国立博物館などの収蔵品のデジタルアーカイブを拡充した。 高精細画像を公開し、研究利用と教育利用の両方を想定する。 著作権法上の扱いを整理し、二次利用の条件を明示した。 デジタルアーカイブは文化資源の活用策として文化庁も推進してきた。 一方、資料の保存環境の整備には引き続き予算が必要だとしている。
2026-07-30,劇場法10年、地方の公立劇場が抱える人材難,サンプル（架空）,,,劇場法 指定管理者制度 予算 事業費 公立劇場 助成 地域 地方公共団体 専門人材 縮小 育成,劇場法の施行から10年が過ぎ、公立劇場の運営体制が改めて問われている。 指定管理者制度のもとで契約期間が短く、専門人材の育成が続かないという。 地方公共団体の予算は縮小傾向にあり、事業費の確保が難しくなっている。 芸術文化振興基金による助成は、地域の劇場にとって重要な支えとなってきた。 アーツカウンシルの機能を地方に広げるべきだとの意見も出ている。
2026-07-28,文化審議会、登録博物館制度の運用見直しを議論,サンプル（架空）,,,文化審議会 文化庁 博物館登録制度 指定管理者制度 両立 予算 保存 制度 地方公共団体 学芸員 専門人材 改訂 育成 資料 運用 部会,文化審議会の博物館部会は、博物館法に基づく登録博物館制度の運用を議論した。 学芸員の配置要件をめぐり、地方の中小館から負担を懸念する声が上がった。 指定管理者制度のもとで専門人材の育成が難しいとの指摘も出た。 文化庁は、登録の手引きを改訂し、地方公共団体に周知する方針を示した。 博物館の資料保存と展示の両立には、安定した予算の確保が欠かせない。
2026-07-23,文化観光推進法に基づく拠点計画、新たに3件を認定,サンプル（架空）,,,文化庁 文化観光推進法 文化資源 デジタルアーカイブ 両立 保存 地域 地方公共団体 多言語解説 拠点計画 整備 活用 認定,文化庁と観光庁は、文化観光推進法に基づく拠点計画を新たに3件認定した。 認定を受けた地域は、博物館を中核にインバウンド需要の取り込みを図る。 多言語解説の整備や、デジタルアーカイブの公開が計画に盛り込まれた。 文化資源を観光に生かす取り組みは、地方公共団体の関心が高い。 一方で、保存と活用の両立をどう図るかが課題として残る。
2026-07-21,文化庁、国宝・重要文化財の修理費補助を拡充へ,サンプル（架空）,,,文化審議会 文化庁 文化財保護法 重要文化財 国宝 修理 修理技術者 地方公共団体 拡充 支援 求める 育成 補助 費用 部会,文化庁は、国宝や重要文化財の修理にかかる費用の補助を拡充する方針を示した。 建造物の修理は資材価格の高騰で費用が膨らみ、所有者の負担が重くなっている。 文化財保護法に基づく補助率の引き上げも検討する。 地方公共団体からは、修理技術者の育成支援を求める声が出ている。 文化審議会の部会で具体的な制度設計を議論する。
